#
# There is insufficient memory for the Java Runtime Environment to continue.
# Native memory allocation (mmap) failed to map 527433728 bytes for G1 virtual space
# Possible reasons:
#   The system is out of physical RAM or swap space
#   The process is running with CompressedOops enabled, and the Java Heap may be blocking the growth of the native heap
# Possible solutions:
#   Reduce memory load on the system
#   Increase physical memory or swap space
#   Check if swap backing store is full
#   Decrease Java heap size (-Xmx/-Xms)
#   Decrease number of Java threads
#   Decrease Java thread stack sizes (-Xss)
#   Set larger code cache with -XX:ReservedCodeCacheSize=
#   JVM is running with Unscaled Compressed Oops mode in which the Java heap is
#     placed in the first 4GB address space. The Java Heap base address is the
#     maximum limit for the native heap growth. Please use -XX:HeapBaseMinAddress
#     to set the Java Heap base and to place the Java Heap above 4GB virtual address.
# This output file may be truncated or incomplete.
#
#  Out of Memory Error (os_windows.cpp:3769), pid=5628, tid=832
#
# JRE version: OpenJDK Runtime Environment (17.0.6) (build 17.0.6+0-b2043.56-10027231)
# Java VM: OpenJDK 64-Bit Server VM (17.0.6+0-b2043.56-10027231, mixed mode, tiered, compressed oops, compressed class ptrs, g1 gc, windows-amd64)
# No core dump will be written. Minidumps are not enabled by default on client versions of Windows
#

---------------  S U M M A R Y ------------

Command Line: --add-opens=java.base/java.util=ALL-UNNAMED --add-opens=java.base/java.lang=ALL-UNNAMED --add-opens=java.base/java.lang.invoke=ALL-UNNAMED --add-opens=java.prefs/java.util.prefs=ALL-UNNAMED --add-opens=java.base/java.nio.charset=ALL-UNNAMED --add-opens=java.base/java.net=ALL-UNNAMED --add-opens=java.base/java.util.concurrent.atomic=ALL-UNNAMED -Xmx2048m -Dfile.encoding=UTF-8 -Duser.country=FR -Duser.language=fr -Duser.variant -javaagent:C:\Users\dtsch\.gradle\wrapper\dists\gradle-8.2-bin\bbg7u40eoinfdyxsxr3z4i7ta\gradle-8.2\lib\agents\gradle-instrumentation-agent-8.2.jar org.gradle.launcher.daemon.bootstrap.GradleDaemon 8.2

Host: 11th Gen Intel(R) Core(TM) i7-11370H @ 3.30GHz, 8 cores, 15G,  Windows 11 , 64 bit Build 26100 (10.0.26100.4768)
Time: Fri Aug  1 08:19:19 2025 Paris, Madrid (heure duild 26100 (10.0.26100.4768) elapsed time: 2827.983967 seconds (0d 0h 47m 7s)

---------------  T H R E A D  ---------------

Current thread (0x0000012c7ed5d330):  VMThread "VM Thread" [stack: 0x00000028d2b00000,0x00000028d2c00000] [id=832]

Stack: [0x00000028d2b00000,0x00000028d2c00000]
Native frames: (J=compiled Java code, j=interpreted, Vv=VM code, C=native code)
V  [jvm.dll+0x683c9a]
V  [jvm.dll+0x8427a4]
V  [jvm.dll+0x843f9e]
V  [jvm.dll+0x844603]
V  [jvm.dll+0x249b75]
V  [jvm.dll+0x680b69]
V  [jvm.dll+0x67505a]
V  [jvm.dll+0x309acb]
V  [jvm.dll+0x310f86]
V  [jvm.dll+0x3608ee]
V  [jvm.dll+0x360b1f]
V  [jvm.dll+0x2dfbf8]
V  [jvm.dll+0x2ddec4]
V  [jvm.dll+0x2dd4cc]
V  [jvm.dll+0x321f3b]
V  [jvm.dll+0x848ccb]
V  [jvm.dll+0x849a04]
V  [jvm.dll+0x849f1d]
V  [jvm.dll+0x84a2f4]
V  [jvm.dll+0x84a3c0]
V  [jvm.dll+0x7f274a]
V  [jvm.dll+0x682ad5]
C  [ucrtbase.dll+0x37b0]
C  [KERNEL32.DLL+0x2e8d7]
C  [ntdll.dll+0x3c34c]

VM_Operation (0x00000028d67f66c0): G1CollectForAllocation, mode: safepoint, requested by thread 0x0000012c0e0a56e0


---------------  P R O C E S S  ---------------

Threads class SMR info:
_java_thread_list=0x0000012c156dcd20, length=114, elements={
0x0000012c68efff10, 0x0000012c7f836700, 0x0000012c7f8370c0, 0x0000012c7f83e1a0,
0x0000012c7f83ed50, 0x0000012c7f83f800, 0x0000012c7f896520, 0x0000012c7f89c710,
0x0000012c7f8b5120, 0x0000012c7f8ce2c0, 0x0000012c7f9da170, 0x0000012c7fb94030,
0x0000012c06ac1310, 0x0000012c06e617d0, 0x0000012c0662ad50, 0x0000012c06d563a0,
0x0000012c06d56870, 0x0000012c06d55530, 0x0000012c06d56d40, 0x0000012c06d57210,
0x0000012c06d576e0, 0x0000012c06d58080, 0x0000012c06d55060, 0x0000012c06d58550,
0x0000012c06d58a20, 0x0000012c0681b100, 0x0000012c06818a80, 0x0000012c0681b5d0,
0x0000012c06819dc0, 0x0000012c0681bf70, 0x0000012c0681eac0, 0x0000012c0ea2d120,
0x0000012c094c8420, 0x0000012c0ebb26c0, 0x0000012c0adb3960, 0x0000012c0ea2e930,
0x0000012c0426df50, 0x0000012c04270100, 0x0000012c0afdc070, 0x0000012c0afdd880,
0x0000012c0adebbd0, 0x0000012c0e0a43a0, 0x0000012c0a2dfb90, 0x0000012c0a2dd510,
0x0000012c0e0a4870, 0x0000012c0abce9f0, 0x0000012c0abcf860, 0x0000012c0abd0ba0,
0x0000012c0abcfd30, 0x0000012c0abd0200, 0x0000012c0abd1070, 0x0000012c0abd1540,
0x0000012c0abce520, 0x0000012c0dd233f0, 0x0000012c0dd24c00, 0x0000012c0dd24260,
0x0000012c0dd238c0, 0x0000012c0a2e0a00, 0x0000012c0e2922a0, 0x0000012c0e0a3a00,
0x0000012c0e0a56e0, 0x0000012c0e0a5210, 0x0000012c042705d0, 0x0000012c0a2de380,
0x0000012c0a2df6c0, 0x0000012c0a2dd040, 0x0000012c04270aa0, 0x0000012c0ea2a5d0,
0x0000012c04270f70, 0x0000012c04271440, 0x0000012c0426e420, 0x0000012c0426e8f0,
0x0000012c0426edc0, 0x0000012c0426f290, 0x0000012c0426f760, 0x0000012c096028c0,
0x0000012c0dd24730, 0x0000012c100cd420, 0x0000012c100ce760, 0x0000012c100cddc0,
0x0000012c100cf100, 0x0000012c100cec30, 0x0000012c0e293ab0, 0x0000012c0ebb3530,
0x0000012c0e294920, 0x0000012c0e295c60, 0x0000012c0ebb3a00, 0x0000012c0ebb1d20,
0x0000012c0e0a5bb0, 0x0000012c0ea2aaa0, 0x0000012c0a2dd9e0, 0x0000012c0e0a6550,
0x0000012c0ea29760, 0x0000012c0a2ddeb0, 0x0000012c0adea890, 0x0000012c0adeca40,
0x0000012c100cf5d0, 0x0000012c100d0440, 0x0000012c0e295790, 0x0000012c0e292770,
0x0000012c0e2935e0, 0x0000012c0e292c40, 0x0000012c0e293f80, 0x0000012c0e294df0,
0x0000012c0eea6160, 0x0000012c0eea6fd0, 0x0000012c0eea6630, 0x0000012c0eea6b00,
0x0000012c0ecd1680, 0x0000012c0ecd11b0, 0x0000012c0ecd0ce0, 0x0000012c0ecd3360,
0x0000012c0ecd0340, 0x0000012c09605b60
}
_to_delete_list=0x0000012c0a663860, length=115, elements={
0x0000012c68efff10, 0x0000012c7f836700, 0x0000012c7f8370c0, 0x0000012c7f83e1a0,
0x0000012c7f83ed50, 0x0000012c7f83f800, 0x0000012c7f896520, 0x0000012c7f89c710,
0x0000012c7f8b5120, 0x0000012c7f8ce2c0, 0x0000012c7f9da170, 0x0000012c7fb94030,
0x0000012c06ac1310, 0x0000012c06e617d0, 0x0000012c0662ad50, 0x0000012c06d563a0,
0x0000012c06d56870, 0x0000012c06d55530, 0x0000012c06d56d40, 0x0000012c06d57210,
0x0000012c06d576e0, 0x0000012c06d58080, 0x0000012c06d55060, 0x0000012c06d58550,
0x0000012c06d58a20, 0x0000012c0681b100, 0x0000012c06818a80, 0x0000012c0681b5d0,
0x0000012c06819dc0, 0x0000012c0681bf70, 0x0000012c0681eac0, 0x0000012c0ea2d120,
0x0000012c094c8420, 0x0000012c0ebb26c0, 0x0000012c0adb3960, 0x0000012c0ea2e930,
0x0000012c0426df50, 0x0000012c04270100, 0x0000012c0afdc070, 0x0000012c0afdd880,
0x0000012c0adebbd0, 0x0000012c0e0a43a0, 0x0000012c0a2dfb90, 0x0000012c0a2dd510,
0x0000012c0e0a4870, 0x0000012c0abce9f0, 0x0000012c0abcf860, 0x0000012c0abd0ba0,
0x0000012c0abcfd30, 0x0000012c0abd0200, 0x0000012c0abd1070, 0x0000012c0abd1540,
0x0000012c0abce520, 0x0000012c0dd233f0, 0x0000012c0dd24c00, 0x0000012c0dd24260,
0x0000012c0dd238c0, 0x0000012c0a2e0a00, 0x0000012c0e2922a0, 0x0000012c0e0a3a00,
0x0000012c0e0a56e0, 0x0000012c0e0a5210, 0x0000012c042705d0, 0x0000012c0a2de380,
0x0000012c0a2df6c0, 0x0000012c0a2dd040, 0x0000012c04270aa0, 0x0000012c0ea2a5d0,
0x0000012c04270f70, 0x0000012c04271440, 0x0000012c0426e420, 0x0000012c0426e8f0,
0x0000012c0426edc0, 0x0000012c0426f290, 0x0000012c0426f760, 0x0000012c0a2e0060,
0x0000012c096028c0, 0x0000012c0dd24730, 0x0000012c100cd420, 0x0000012c100ce760,
0x0000012c100cddc0, 0x0000012c100cf100, 0x0000012c100cec30, 0x0000012c0e293ab0,
0x0000012c0ebb3530, 0x0000012c0e294920, 0x0000012c0e295c60, 0x0000012c0ebb3a00,
0x0000012c0ebb1d20, 0x0000012c0e0a5bb0, 0x0000012c0ea2aaa0, 0x0000012c0a2dd9e0,
0x0000012c0e0a6550, 0x0000012c0ea29760, 0x0000012c0a2ddeb0, 0x0000012c0adea890,
0x0000012c0adeca40, 0x0000012c100cf5d0, 0x0000012c100d0440, 0x0000012c0e295790,
0x0000012c0e292770, 0x0000012c0e2935e0, 0x0000012c0e292c40, 0x0000012c0e293f80,
0x0000012c0e294df0, 0x0000012c0eea6160, 0x0000012c0eea6fd0, 0x0000012c0eea6630,
0x0000012c0eea6b00, 0x0000012c0ecd1680, 0x0000012c0ecd11b0, 0x0000012c0ecd0ce0,
0x0000012c0ecd3360, 0x0000012c0ecd0340, 0x0000012c09605b60
}

Java Threads: ( => current thread )
  0x0000012c68efff10 JavaThread "main" [_thread_blocked, id=18836, stack(0x00000028d2500000,0x00000028d2600000)]
  0x0000012c7f836700 JavaThread "Reference Handler" daemon [_thread_blocked, id=5984, stack(0x00000028d2c00000,0x00000028d2d00000)]
  0x0000012c7f8370c0 JavaThread "Finalizer" daemon [_thread_blocked, id=1828, stack(0x00000028d2d00000,0x00000028d2e00000)]
  0x0000012c7f83e1a0 JavaThread "Signal Dispatcher" daemon [_thread_blocked, id=18744, stack(0x00000028d2e00000,0x00000028d2f00000)]
  0x0000012c7f83ed50 JavaThread "Attach Listener" daemon [_thread_blocked, id=17752, stack(0x00000028d2f00000,0x00000028d3000000)]
  0x0000012c7f83f800 JavaThread "Service Thread" daemon [_thread_blocked, id=10928, stack(0x00000028d3000000,0x00000028d3100000)]
  0x0000012c7f896520 JavaThread "Monitor Deflation Thread" daemon [_thread_blocked, id=5244, stack(0x00000028d3100000,0x00000028d3200000)]
  0x0000012c7f89c710 JavaThread "C2 CompilerThread0" daemon [_thread_blocked, id=18908, stack(0x00000028d3200000,0x00000028d3300000)]
  0x0000012c7f8b5120 JavaThread "C1 CompilerThread0" daemon [_thread_blocked, id=17072, stack(0x00000028d3300000,0x00000028d3400000)]
  0x0000012c7f8ce2c0 JavaThread "Sweeper thread" daemon [_thread_blocked, id=11564, stack(0x00000028d3400000,0x00000028d3500000)]
  0x0000012c7f9da170 JavaThread "Common-Cleaner" daemon [_thread_blocked, id=15308, stack(0x00000028d3500000,0x00000028d3600000)]
  0x0000012c7fb94030 JavaThread "Notification Thread" daemon [_thread_blocked, id=19964, stack(0x00000028d3600000,0x00000028d3700000)]
  0x0000012c06ac1310 JavaThread "Daemon health stats" [_thread_blocked, id=18788, stack(0x00000028d3f00000,0x00000028d4000000)]
  0x0000012c06e617d0 JavaThread "Incoming local TCP Connector on port 61963" [_thread_in_native, id=14172, stack(0x00000028d4000000,0x00000028d4100000)]
  0x0000012c0662ad50 JavaThread "Daemon periodic checks" [_thread_blocked, id=12908, stack(0x00000028d4100000,0x00000028d4200000)]
  0x0000012c06d563a0 JavaThread "Cache worker for journal cache (C:\Users\dtsch\.gradle\caches\journal-1)" [_thread_blocked, id=8100, stack(0x00000028d4c00000,0x00000028d4d00000)]
  0x0000012c06d56870 JavaThread "File lock request listener" [_thread_in_native, id=17712, stack(0x00000028d4d00000,0x00000028d4e00000)]
  0x0000012c06d55530 JavaThread "Cache worker for file hash cache (C:\Users\dtsch\.gradle\caches\8.2\fileHashes)" [_thread_blocked, id=19244, stack(0x00000028d4e00000,0x00000028d4f00000)]
  0x0000012c06d56d40 JavaThread "File watcher server" daemon [_thread_blocked, id=2336, stack(0x00000028d4f00000,0x00000028d5000000)]
  0x0000012c06d57210 JavaThread "File watcher consumer" daemon [_thread_blocked, id=15148, stack(0x00000028d5000000,0x00000028d5100000)]
  0x0000012c06d576e0 JavaThread "jar transforms" [_thread_blocked, id=5020, stack(0x00000028d5100000,0x00000028d5200000)]
  0x0000012c06d58080 JavaThread "jar transforms Thread 2" [_thread_blocked, id=19756, stack(0x00000028d5200000,0x00000028d5300000)]
  0x0000012c06d55060 JavaThread "jar transforms Thread 3" [_thread_blocked, id=16568, stack(0x00000028d5300000,0x00000028d5400000)]
  0x0000012c06d58550 JavaThread "jar transforms Thread 4" [_thread_blocked, id=13912, stack(0x00000028d5400000,0x00000028d5500000)]
  0x0000012c06d58a20 JavaThread "jar transforms Thread 5" [_thread_blocked, id=8292, stack(0x00000028d5500000,0x00000028d5600000)]
  0x0000012c0681b100 JavaThread "jar transforms Thread 6" [_thread_blocked, id=14748, stack(0x00000028d5600000,0x00000028d5700000)]
  0x0000012c06818a80 JavaThread "jar transforms Thread 7" [_thread_blocked, id=15080, stack(0x00000028d5700000,0x00000028d5800000)]
  0x0000012c0681b5d0 JavaThread "jar transforms Thread 8" [_thread_blocked, id=12632, stack(0x00000028d5800000,0x00000028d5900000)]
  0x0000012c06819dc0 JavaThread "Cache worker for file content cache (C:\Users\dtsch\.gradle\caches\8.2\fileContent)" [_thread_blocked, id=412, stack(0x00000028d5b00000,0x00000028d5c00000)]
  0x0000012c0681bf70 JavaThread "Cache worker for execution history cache (C:\Users\dtsch\.gradle\caches\8.2\executionHistory)" [_thread_blocked, id=18348, stack(0x00000028d5e00000,0x00000028d5f00000)]
  0x0000012c0681eac0 JavaThread "Memory manager" [_thread_blocked, id=19856, stack(0x00000028d6900000,0x00000028d6a00000)]
  0x0000012c0ea2d120 JavaThread "Cache worker for Java compile cache (C:\Users\dtsch\.gradle\caches\8.2\javaCompile)" [_thread_blocked, id=17288, stack(0x00000028da300000,0x00000028da400000)]
  0x0000012c094c8420 JavaThread "ForkJoinPool.commonPool-worker-20" daemon [_thread_blocked, id=11828, stack(0x00000028d9300000,0x00000028d9400000)]
  0x0000012c0ebb26c0 JavaThread "ForkJoinPool.commonPool-worker-23" daemon [_thread_blocked, id=5760, stack(0x00000028d9600000,0x00000028d9700000)]
  0x0000012c0adb3960 JavaThread "ForkJoinPool.commonPool-worker-27" daemon [_thread_blocked, id=9556, stack(0x00000028d9500000,0x00000028d9600000)]
  0x0000012c0ea2e930 JavaThread "ForkJoinPool.commonPool-worker-28" daemon [_thread_blocked, id=4076, stack(0x00000028d9900000,0x00000028d9a00000)]
  0x0000012c0426df50 JavaThread "ForkJoinPool.commonPool-worker-29" daemon [_thread_blocked, id=2388, stack(0x00000028d9400000,0x00000028d9500000)]
  0x0000012c04270100 JavaThread "Daemon Thread 14" [_thread_blocked, id=13208, stack(0x00000028d2200000,0x00000028d2300000)]
  0x0000012c0afdc070 JavaThread "Handler for socket connection from /127.0.0.1:61963 to /127.0.0.1:65487" [_thread_in_native, id=9648, stack(0x00000028d2300000,0x00000028d2400000)]
  0x0000012c0afdd880 JavaThread "Cancel handler" [_thread_blocked, id=2568, stack(0x00000028d2400000,0x00000028d2500000)]
  0x0000012c0adebbd0 JavaThread "Daemon worker Thread 14" [_thread_blocked, id=10188, stack(0x00000028d3800000,0x00000028d3900000)]
  0x0000012c0e0a43a0 JavaThread "Asynchronous log dispatcher for DefaultDaemonConnection: socket connection from /127.0.0.1:61963 to /127.0.0.1:65487" [_thread_blocked, id=14976, stack(0x00000028d3e00000,0x00000028d3f00000)]
  0x0000012c0a2dfb90 JavaThread "Stdin handler" [_thread_blocked, id=5600, stack(0x00000028d4200000,0x00000028d4300000)]
  0x0000012c0a2dd510 JavaThread "Daemon client event forwarder" [_thread_blocked, id=16836, stack(0x00000028d4300000,0x00000028d4400000)]
  0x0000012c0e0a4870 JavaThread "Cache worker for checksums cache (D:\Users\Daniel\Documents\AndroidStudioProjects\Projets\AutomateEsp32\.gradle\8.2\checksums)" [_thread_blocked, id=2516, stack(0x00000028d4400000,0x00000028d4500000)]
  0x0000012c0abce9f0 JavaThread "Cache worker for cache directory md-rule (C:\Users\dtsch\.gradle\caches\8.2\md-rule)" [_thread_blocked, id=4816, stack(0x00000028d4500000,0x00000028d4600000)]
  0x0000012c0abcf860 JavaThread "Cache worker for file hash cache (D:\Users\Daniel\Documents\AndroidStudioProjects\Projets\AutomateEsp32\.gradle\8.2\fileHashes)" [_thread_blocked, id=4716, stack(0x00000028d4600000,0x00000028d4700000)]
  0x0000012c0abd0ba0 JavaThread "Cache worker for cache directory md-supplier (C:\Users\dtsch\.gradle\caches\8.2\md-supplier)" [_thread_blocked, id=9788, stack(0x00000028d4700000,0x00000028d4800000)]
  0x0000012c0abcfd30 JavaThread "Cache worker for dependencies-accessors (D:\Users\Daniel\Documents\AndroidStudioProjects\Projets\AutomateEsp32\.gradle\8.2\dependencies-accessors)" [_thread_blocked, id=7336, stack(0x00000028d4800000,0x00000028d4900000)]
  0x0000012c0abd0200 JavaThread "Cache worker for Build Output Cleanup Cache (D:\Users\Daniel\Documents\AndroidStudioProjects\Projets\AutomateEsp32\.gradle\buildOutputCleanup)" [_thread_blocked, id=13016, stack(0x00000028d5900000,0x00000028d5a00000)]
  0x0000012c0abd1070 JavaThread "Unconstrained build operations" [_thread_blocked, id=2564, stack(0x00000028d5a00000,0x00000028d5b00000)]
  0x0000012c0abd1540 JavaThread "Unconstrained build operations Thread 2" [_thread_blocked, id=16084, stack(0x00000028d5c00000,0x00000028d5d00000)]
  0x0000012c0abce520 JavaThread "Unconstrained build operations Thread 3" [_thread_blocked, id=15452, stack(0x00000028d5d00000,0x00000028d5e00000)]
  0x0000012c0dd233f0 JavaThread "Unconstrained build operations Thread 4" [_thread_blocked, id=5724, stack(0x00000028d5f00000,0x00000028d6000000)]
  0x0000012c0dd24c00 JavaThread "Unconstrained build operations Thread 5" [_thread_blocked, id=1936, stack(0x00000028d6000000,0x00000028d6100000)]
  0x0000012c0dd24260 JavaThread "Unconstrained build operations Thread 6" [_thread_blocked, id=10732, stack(0x00000028d6100000,0x00000028d6200000)]
  0x0000012c0dd238c0 JavaThread "Unconstrained build operations Thread 7" [_thread_blocked, id=2656, stack(0x00000028d6200000,0x00000028d6300000)]
  0x0000012c0a2e0a00 JavaThread "build event listener" [_thread_blocked, id=14012, stack(0x00000028d6300000,0x00000028d6400000)]
  0x0000012c0e2922a0 JavaThread "included builds" [_thread_blocked, id=10476, stack(0x00000028d6500000,0x00000028d6600000)]
  0x0000012c0e0a3a00 JavaThread "Execution worker" [_thread_blocked, id=5076, stack(0x00000028d6600000,0x00000028d6700000)]
  0x0000012c0e0a56e0 JavaThread "Execution worker Thread 2" [_thread_blocked, id=3796, stack(0x00000028d6700000,0x00000028d6800000)]
  0x0000012c0e0a5210 JavaThread "Execution worker Thread 3" [_thread_blocked, id=19876, stack(0x00000028d6800000,0x00000028d6900000)]
  0x0000012c042705d0 JavaThread "Execution worker Thread 4" [_thread_blocked, id=18052, stack(0x00000028d6a00000,0x00000028d6b00000)]
  0x0000012c0a2de380 JavaThread "Execution worker Thread 5" [_thread_blocked, id=1008, stack(0x00000028d6b00000,0x00000028d6c00000)]
  0x0000012c0a2df6c0 JavaThread "Execution worker Thread 6" [_thread_blocked, id=12444, stack(0x00000028d6c00000,0x00000028d6d00000)]
  0x0000012c0a2dd040 JavaThread "Execution worker Thread 7" [_thread_blocked, id=7516, stack(0x00000028d6d00000,0x00000028d6e00000)]
  0x0000012c04270aa0 JavaThread "Cache worker for execution history cache (D:\Users\Daniel\Documents\AndroidStudioProjects\Projets\AutomateEsp32\.gradle\8.2\executionHistory)" [_thread_blocked, id=14380, stack(0x00000028d6e00000,0x00000028d6f00000)]
  0x0000012c0ea2a5d0 JavaThread "WorkerExecutor Queue" [_thread_blocked, id=11412, stack(0x00000028d6400000,0x00000028d6500000)]
  0x0000012c04270f70 JavaThread "Unconstrained build operations Thread 8" [_thread_blocked, id=17096, stack(0x00000028d6f00000,0x00000028d7000000)]
  0x0000012c04271440 JavaThread "Unconstrained build operations Thread 9" [_thread_blocked, id=5116, stack(0x00000028d7000000,0x00000028d7100000)]
  0x0000012c0426e420 JavaThread "Unconstrained build operations Thread 10" [_thread_blocked, id=4960, stack(0x00000028d7100000,0x00000028d7200000)]
  0x0000012c0426e8f0 JavaThread "Unconstrained build operations Thread 11" [_thread_blocked, id=8640, stack(0x00000028d7200000,0x00000028d7300000)]
  0x0000012c0426edc0 JavaThread "Unconstrained build operations Thread 12" [_thread_blocked, id=15196, stack(0x00000028d7300000,0x00000028d7400000)]
  0x0000012c0426f290 JavaThread "Unconstrained build operations Thread 13" [_thread_blocked, id=14340, stack(0x00000028d7400000,0x00000028d7500000)]
  0x0000012c0426f760 JavaThread "Unconstrained build operations Thread 14" [_thread_blocked, id=9708, stack(0x00000028d7500000,0x00000028d7600000)]
  0x0000012c096028c0 JavaThread "C2 CompilerThread1" daemon [_thread_blocked, id=144, stack(0x00000028d7800000,0x00000028d7900000)]
  0x0000012c0dd24730 JavaThread "WorkerExecutor Queue Thread 3" [_thread_blocked, id=15640, stack(0x00000028d7a00000,0x00000028d7b00000)]
  0x0000012c100cd420 JavaThread "WorkerExecutor Queue Thread 4" [_thread_blocked, id=6984, stack(0x00000028d7b00000,0x00000028d7c00000)]
  0x0000012c100ce760 JavaThread "WorkerExecutor Queue Thread 5" [_thread_blocked, id=11072, stack(0x00000028d7c00000,0x00000028d7d00000)]
  0x0000012c100cddc0 JavaThread "WorkerExecutor Queue Thread 6" [_thread_blocked, id=14876, stack(0x00000028d7d00000,0x00000028d7e00000)]
  0x0000012c100cf100 JavaThread "WorkerExecutor Queue Thread 7" [_thread_blocked, id=1668, stack(0x00000028d7e00000,0x00000028d7f00000)]
  0x0000012c100cec30 JavaThread "WorkerExecutor Queue Thread 8" [_thread_blocked, id=20468, stack(0x00000028d7f00000,0x00000028d8000000)]
  0x0000012c0e293ab0 JavaThread "Unconstrained build operations Thread 15" [_thread_blocked, id=18064, stack(0x00000028d8000000,0x00000028d8100000)]
  0x0000012c0ebb3530 JavaThread "pool-56-thread-1" [_thread_blocked, id=19056, stack(0x00000028d8100000,0x00000028d8200000)]
  0x0000012c0e294920 JavaThread "stderr" [_thread_in_native, id=3840, stack(0x00000028d8200000,0x00000028d8300000)]
  0x0000012c0e295c60 JavaThread "stdout" [_thread_in_native, id=9048, stack(0x00000028d8300000,0x00000028d8400000)]
  0x0000012c0ebb3a00 JavaThread "stderr" [_thread_in_native, id=9116, stack(0x00000028d8400000,0x00000028d8500000)]
  0x0000012c0ebb1d20 JavaThread "stdout" [_thread_in_native, id=17744, stack(0x00000028d8500000,0x00000028d8600000)]
  0x0000012c0e0a5bb0 JavaThread "stderr" [_thread_in_native, id=3304, stack(0x00000028d8600000,0x00000028d8700000)]
  0x0000012c0ea2aaa0 JavaThread "stderr" [_thread_in_native, id=15812, stack(0x00000028d8a00000,0x00000028d8b00000)]
  0x0000012c0a2dd9e0 JavaThread "stderr" [_thread_in_native, id=824, stack(0x00000028d8b00000,0x00000028d8c00000)]
  0x0000012c0e0a6550 JavaThread "stdout" [_thread_in_native, id=14176, stack(0x00000028d8c00000,0x00000028d8d00000)]
  0x0000012c0ea29760 JavaThread "stdout" [_thread_in_native, id=7972, stack(0x00000028d8d00000,0x00000028d8e00000)]
  0x0000012c0a2ddeb0 JavaThread "stdout" [_thread_in_native, id=4388, stack(0x00000028d8e00000,0x00000028d8f00000)]
  0x0000012c0adea890 JavaThread "stderr" [_thread_in_native, id=18364, stack(0x00000028d8f00000,0x00000028d9000000)]
  0x0000012c0adeca40 JavaThread "stdout" [_thread_in_native, id=11428, stack(0x00000028d9000000,0x00000028d9100000)]
  0x0000012c100cf5d0 JavaThread "stderr" [_thread_in_native, id=3848, stack(0x00000028d9100000,0x00000028d9200000)]
  0x0000012c100d0440 JavaThread "stdout" [_thread_in_native, id=6200, stack(0x00000028d9200000,0x00000028d9300000)]
  0x0000012c0e295790 JavaThread "WorkerExecutor Queue Thread 9" [_thread_blocked, id=11764, stack(0x00000028d7900000,0x00000028d7a00000)]
  0x0000012c0e292770 JavaThread "Unconstrained build operations Thread 16" [_thread_blocked, id=12580, stack(0x00000028d9700000,0x00000028d9800000)]
  0x0000012c0e2935e0 JavaThread "Unconstrained build operations Thread 17" [_thread_blocked, id=10000, stack(0x00000028d9800000,0x00000028d9900000)]
  0x0000012c0e292c40 JavaThread "Unconstrained build operations Thread 18" [_thread_blocked, id=1256, stack(0x00000028d9a00000,0x00000028d9b00000)]
  0x0000012c0e293f80 JavaThread "Unconstrained build operations Thread 19" [_thread_blocked, id=8956, stack(0x00000028d9b00000,0x00000028d9c00000)]
  0x0000012c0e294df0 JavaThread "Unconstrained build operations Thread 20" [_thread_blocked, id=19260, stack(0x00000028d9c00000,0x00000028d9d00000)]
  0x0000012c0eea6160 JavaThread "Unconstrained build operations Thread 21" [_thread_blocked, id=18220, stack(0x00000028d9d00000,0x00000028d9e00000)]
  0x0000012c0eea6fd0 JavaThread "Unconstrained build operations Thread 22" [_thread_blocked, id=3388, stack(0x00000028d9e00000,0x00000028d9f00000)]
  0x0000012c0eea6630 JavaThread "Unconstrained build operations Thread 23" [_thread_blocked, id=7928, stack(0x00000028d9f00000,0x00000028da000000)]
  0x0000012c0eea6b00 JavaThread "Unconstrained build operations Thread 24" [_thread_blocked, id=8632, stack(0x00000028da000000,0x00000028da100000)]
  0x0000012c0ecd1680 JavaThread "Unconstrained build operations Thread 25" [_thread_blocked, id=2796, stack(0x00000028da100000,0x00000028da200000)]
  0x0000012c0ecd11b0 JavaThread "Unconstrained build operations Thread 26" [_thread_blocked, id=16580, stack(0x00000028da200000,0x00000028da300000)]
  0x0000012c0ecd0ce0 JavaThread "Unconstrained build operations Thread 27" [_thread_blocked, id=6392, stack(0x00000028da400000,0x00000028da500000)]
  0x0000012c0ecd3360 JavaThread "Unconstrained build operations Thread 28" [_thread_blocked, id=2628, stack(0x00000028da500000,0x00000028da600000)]
  0x0000012c0ecd0340 JavaThread "Unconstrained build operations Thread 29" [_thread_blocked, id=4192, stack(0x00000028da600000,0x00000028da700000)]
  0x0000012c09605b60 JavaThread "C2 CompilerThread2" daemon [_thread_blocked, id=7064, stack(0x00000028da700000,0x00000028da800000)]

Other Threads:
=>0x0000012c7ed5d330 VMThread "VM Thread" [stack: 0x00000028d2b00000,0x00000028d2c00000] [id=832]
  0x0000012c68f8f880 WatcherThread [stack: 0x00000028d3700000,0x00000028d3800000] [id=1748]
  0x0000012c68f5fea0 GCTaskThread "GC Thread#0" [stack: 0x00000028d2600000,0x00000028d2700000] [id=8024]
  0x0000012c04364010 GCTaskThread "GC Thread#1" [stack: 0x00000028d3900000,0x00000028d3a00000] [id=2508]
  0x0000012c049feb60 GCTaskThread "GC Thread#2" [stack: 0x00000028d3a00000,0x00000028d3b00000] [id=12060]
  0x0000012c0495c4c0 GCTaskThread "GC Thread#3" [stack: 0x00000028d3b00000,0x00000028d3c00000] [id=3136]
  0x0000012c04a4a010 GCTaskThread "GC Thread#4" [stack: 0x00000028d3c00000,0x00000028d3d00000] [id=17868]
  0x0000012c0492b360 GCTaskThread "GC Thread#5" [stack: 0x00000028d3d00000,0x00000028d3e00000] [id=19080]
  0x0000012c04ef5110 GCTaskThread "GC Thread#6" [stack: 0x00000028d4900000,0x00000028d4a00000] [id=19992]
  0x0000012c061ba870 GCTaskThread "GC Thread#7" [stack: 0x00000028d4a00000,0x00000028d4b00000] [id=14140]
  0x0000012c68f70f40 ConcurrentGCThread "G1 Main Marker" [stack: 0x00000028d2700000,0x00000028d2800000] [id=1312]
  0x0000012c68f73b10 ConcurrentGCThread "G1 Conc#0" [stack: 0x00000028d2800000,0x00000028d2900000] [id=16376]
  0x0000012c0606d850 ConcurrentGCThread "G1 Conc#1" [stack: 0x00000028d4b00000,0x00000028d4c00000] [id=15944]
  0x0000012c7ec085b0 ConcurrentGCThread "G1 Refine#0" [stack: 0x00000028d2900000,0x00000028d2a00000] [id=16244]
  0x0000012c0697a090 ConcurrentGCThread "G1 Refine#1" [stack: 0x00000028d7700000,0x00000028d7800000] [id=18804]
  0x0000012c0697c030 ConcurrentGCThread "G1 Refine#2" [stack: 0x00000028d8700000,0x00000028d8800000] [id=18772]
  0x0000012c069797f0 ConcurrentGCThread "G1 Refine#3" [stack: 0x00000028d8800000,0x00000028d8900000] [id=5964]
  0x0000012c0697a930 ConcurrentGCThread "G1 Refine#4" [stack: 0x00000028d8900000,0x00000028d8a00000] [id=5268]
  0x0000012c7ec08c80 ConcurrentGCThread "G1 Service" [stack: 0x00000028d2a00000,0x00000028d2b00000] [id=13012]

Threads with active compile tasks:
C2 CompilerThread0  2828016 40935       4       com.android.tools.r8.internal.B8::<init> (253 bytes)
C2 CompilerThread1  2828016 40928       4       com.android.tools.r8.internal.OA::a (101 bytes)
C2 CompilerThread2  2828016 40934       4       com.android.tools.r8.ir.regalloc.b::c (4041 bytes)

VM state: at safepoint (normal execution)

VM Mutex/Monitor currently owned by a thread:  ([mutex/lock_event])
[0x0000012c68efae20] Threads_lock - owner thread: 0x0000012c7ed5d330
[0x0000012c68ef98c0] Heap_lock - owner thread: 0x0000012c0e0a56e0

Heap address: 0x0000000080000000, size: 2048 MB, Compressed Oops mode: 32-bit

CDS archive(s) not mapped
Compressed class space mapped at: 0x0000000100000000-0x0000000140000000, reserved size: 1073741824
Narrow klass base: 0x0000000000000000, Narrow klass shift: 3, Narrow klass range: 0x140000000

GC Precious Log:
 CPUs: 8 total, 8 available
 Memory: 16167M
 Large Page Support: Disabled
 NUMA Support: Disabled
 Compressed Oops: Enabled (32-bit)
 Heap Region Size: 1M
 Heap Min Capacity: 8M
 Heap Initial Capacity: 254M
 Heap Max Capacity: 2G
 Pre-touch: Disabled
 Parallel Workers: 8
 Concurrent Workers: 2
 Concurrent Refinement Workers: 8
 Periodic GC: Disabled

Heap:
 garbage-first heap   total 779264K, used 237909K [0x0000000080000000, 0x0000000100000000)
  region size 1024K, 9 young (9216K), 9 survivors (9216K)
 Metaspace       used 194648K, committed 196672K, reserved 1220608K
  class space    used 25532K, committed 26496K, reserved 1048576K

Heap Regions: E=young(eden), S=young(survivor), O=old, HS=humongous(starts), HC=humongous(continues), CS=collection set, F=free, OA=open archive, CA=closed archive, TAMS=top-at-mark-start (previous, next)
|   0|0x0000000080000000, 0x0000000080100000, 0x0000000080100000|100%|HS|  |TAMS 0x0000000080100000, 0x0000000080100000| Complete 
|   1|0x0000000080100000, 0x0000000080200000, 0x0000000080200000|100%|HC|  |TAMS 0x0000000080200000, 0x0000000080200000| Complete 
|   2|0x0000000080200000, 0x0000000080300000, 0x0000000080300000|100%|HC|  |TAMS 0x0000000080300000, 0x0000000080300000| Complete 
|   3|0x0000000080300000, 0x0000000080400000, 0x0000000080400000|100%|HC|  |TAMS 0x0000000080400000, 0x0000000080400000| Complete 
|   4|0x0000000080400000, 0x0000000080500000, 0x0000000080500000|100%| O|  |TAMS 0x0000000080500000, 0x0000000080500000| Untracked 
|   5|0x0000000080500000, 0x0000000080600000, 0x0000000080600000|100%| O|  |TAMS 0x0000000080600000, 0x0000000080600000| Untracked 
|   6|0x0000000080600000, 0x0000000080700000, 0x0000000080700000|100%| O|  |TAMS 0x0000000080700000, 0x0000000080700000| Untracked 
|   7|0x0000000080700000, 0x0000000080800000, 0x0000000080800000|100%| O|  |TAMS 0x0000000080800000, 0x0000000080800000| Untracked 
|   8|0x0000000080800000, 0x0000000080900000, 0x0000000080900000|100%| O|  |TAMS 0x0000000080900000, 0x0000000080900000| Untracked 
|   9|0x0000000080900000, 0x0000000080a00000, 0x0000000080a00000|100%| O|  |TAMS 0x0000000080a00000, 0x0000000080a00000| Untracked 
|  10|0x0000000080a00000, 0x0000000080b00000, 0x0000000080b00000|100%| O|  |TAMS 0x0000000080b00000, 0x0000000080b00000| Untracked 
|  11|0x0000000080b00000, 0x0000000080c00000, 0x0000000080c00000|100%| O|  |TAMS 0x0000000080c00000, 0x0000000080c00000| Untracked 
|  12|0x0000000080c00000, 0x0000000080d00000, 0x0000000080d00000|100%| O|  |TAMS 0x0000000080d00000, 0x0000000080d00000| Untracked 
|  13|0x0000000080d00000, 0x0000000080e00000, 0x0000000080e00000|100%| O|  |TAMS 0x0000000080e00000, 0x0000000080e00000| Untracked 
|  14|0x0000000080e00000, 0x0000000080f00000, 0x0000000080f00000|100%| O|  |TAMS 0x0000000080f00000, 0x0000000080f00000| Untracked 
|  15|0x0000000080f00000, 0x0000000081000000, 0x0000000081000000|100%| O|  |TAMS 0x0000000081000000, 0x0000000081000000| Untracked 
|  16|0x0000000081000000, 0x0000000081100000, 0x0000000081100000|100%| O|  |TAMS 0x0000000081100000, 0x0000000081100000| Untracked 
|  17|0x0000000081100000, 0x0000000081200000, 0x0000000081200000|100%| O|  |TAMS 0x0000000081200000, 0x0000000081200000| Untracked 
|  18|0x0000000081200000, 0x0000000081300000, 0x0000000081300000|100%| O|  |TAMS 0x0000000081300000, 0x0000000081300000| Untracked 
|  19|0x0000000081300000, 0x0000000081400000, 0x0000000081400000|100%| O|  |TAMS 0x0000000081400000, 0x0000000081400000| Untracked 
|  20|0x0000000081400000, 0x0000000081500000, 0x0000000081500000|100%| O|  |TAMS 0x0000000081500000, 0x0000000081500000| Untracked 
|  21|0x0000000081500000, 0x0000000081600000, 0x0000000081600000|100%|HS|  |TAMS 0x0000000081600000, 0x0000000081600000| Complete 
|  22|0x0000000081600000, 0x0000000081700000, 0x0000000081700000|100%|HC|  |TAMS 0x0000000081700000, 0x0000000081700000| Complete 
|  23|0x0000000081700000, 0x0000000081800000, 0x0000000081800000|100%|HS|  |TAMS 0x0000000081800000, 0x0000000081800000| Complete 
|  24|0x0000000081800000, 0x0000000081900000, 0x0000000081900000|100%|HC|  |TAMS 0x0000000081900000, 0x0000000081900000| Complete 
|  25|0x0000000081900000, 0x0000000081a00000, 0x0000000081a00000|100%|HC|  |TAMS 0x0000000081a00000, 0x0000000081a00000| Complete 
|  26|0x0000000081a00000, 0x0000000081b00000, 0x0000000081b00000|100%|HS|  |TAMS 0x0000000081b00000, 0x0000000081b00000| Complete 
|  27|0x0000000081b00000, 0x0000000081c00000, 0x0000000081c00000|100%|HC|  |TAMS 0x0000000081c00000, 0x0000000081c00000| Complete 
|  28|0x0000000081c00000, 0x0000000081d00000, 0x0000000081d00000|100%|HC|  |TAMS 0x0000000081d00000, 0x0000000081d00000| Complete 
|  29|0x0000000081d00000, 0x0000000081e00000, 0x0000000081e00000|100%| O|  |TAMS 0x0000000081e00000, 0x0000000081e00000| Untracked 
|  30|0x0000000081e00000, 0x0000000081f00000, 0x0000000081f00000|100%| O|  |TAMS 0x0000000081f00000, 0x0000000081f00000| Untracked 
|  31|0x0000000081f00000, 0x0000000082000000, 0x0000000082000000|100%| O|  |TAMS 0x0000000082000000, 0x0000000082000000| Untracked 
|  32|0x0000000082000000, 0x0000000082100000, 0x0000000082100000|100%| O|  |TAMS 0x0000000082100000, 0x0000000082100000| Untracked 
|  33|0x0000000082100000, 0x0000000082200000, 0x0000000082200000|100%|HS|  |TAMS 0x0000000082200000, 0x0000000082200000| Complete 
|  34|0x0000000082200000, 0x0000000082300000, 0x0000000082300000|100%|HC|  |TAMS 0x0000000082300000, 0x0000000082300000| Complete 
|  35|0x0000000082300000, 0x0000000082400000, 0x0000000082400000|100%| O|  |TAMS 0x0000000082400000, 0x0000000082400000| Untracked 
|  36|0x0000000082400000, 0x0000000082500000, 0x0000000082500000|100%| O|  |TAMS 0x0000000082500000, 0x0000000082500000| Untracked 
|  37|0x0000000082500000, 0x0000000082600000, 0x0000000082600000|100%| O|  |TAMS 0x0000000082600000, 0x0000000082600000| Untracked 
|  38|0x0000000082600000, 0x0000000082700000, 0x0000000082700000|100%| O|  |TAMS 0x0000000082700000, 0x0000000082700000| Untracked 
|  39|0x0000000082700000, 0x0000000082800000, 0x0000000082800000|100%| O|  |TAMS 0x0000000082800000, 0x0000000082800000| Untracked 
|  40|0x0000000082800000, 0x0000000082900000, 0x0000000082900000|100%| O|  |TAMS 0x0000000082900000, 0x0000000082900000| Untracked 
|  41|0x0000000082900000, 0x0000000082a00000, 0x0000000082a00000|100%|HS|  |TAMS 0x0000000082a00000, 0x0000000082a00000| Complete 
|  42|0x0000000082a00000, 0x0000000082b00000, 0x0000000082b00000|100%|HC|  |TAMS 0x0000000082b00000, 0x0000000082b00000| Complete 
|  43|0x0000000082b00000, 0x0000000082c00000, 0x0000000082c00000|100%|HC|  |TAMS 0x0000000082c00000, 0x0000000082c00000| Complete 
|  44|0x0000000082c00000, 0x0000000082d00000, 0x0000000082d00000|100%|HC|  |TAMS 0x0000000082d00000, 0x0000000082d00000| Complete 
|  45|0x0000000082d00000, 0x0000000082e00000, 0x0000000082e00000|100%|HC|  |TAMS 0x0000000082e00000, 0x0000000082e00000| Complete 
|  46|0x0000000082e00000, 0x0000000082f00000, 0x0000000082f00000|100%|HC|  |TAMS 0x0000000082f00000, 0x0000000082f00000| Complete 
|  47|0x0000000082f00000, 0x0000000083000000, 0x0000000083000000|100%|HC|  |TAMS 0x0000000083000000, 0x0000000083000000| Complete 
|  48|0x0000000083000000, 0x0000000083100000, 0x0000000083100000|100%|HC|  |TAMS 0x0000000083100000, 0x0000000083100000| Complete 
|  49|0x0000000083100000, 0x0000000083200000, 0x0000000083200000|100%|HC|  |TAMS 0x0000000083200000, 0x0000000083200000| Complete 
|  50|0x0000000083200000, 0x0000000083300000, 0x0000000083300000|100%|HC|  |TAMS 0x0000000083300000, 0x0000000083300000| Complete 
|  51|0x0000000083300000, 0x0000000083400000, 0x0000000083400000|100%|HC|  |TAMS 0x0000000083400000, 0x0000000083400000| Complete 
|  52|0x0000000083400000, 0x0000000083500000, 0x0000000083500000|100%|HC|  |TAMS 0x0000000083500000, 0x0000000083500000| Complete 
|  53|0x0000000083500000, 0x0000000083600000, 0x0000000083600000|100%| O|  |TAMS 0x0000000083600000, 0x0000000083600000| Untracked 
|  54|0x0000000083600000, 0x0000000083700000, 0x0000000083700000|100%| O|  |TAMS 0x0000000083700000, 0x0000000083700000| Untracked 
|  55|0x0000000083700000, 0x0000000083800000, 0x0000000083800000|100%| O|  |TAMS 0x0000000083800000, 0x0000000083800000| Untracked 
|  56|0x0000000083800000, 0x0000000083900000, 0x0000000083900000|100%| O|  |TAMS 0x0000000083900000, 0x0000000083900000| Untracked 
|  57|0x0000000083900000, 0x0000000083a00000, 0x0000000083a00000|100%| O|  |TAMS 0x0000000083a00000, 0x0000000083a00000| Untracked 
|  58|0x0000000083a00000, 0x0000000083b00000, 0x0000000083b00000|100%| O|  |TAMS 0x0000000083b00000, 0x0000000083b00000| Untracked 
|  59|0x0000000083b00000, 0x0000000083c00000, 0x0000000083c00000|100%|HS|  |TAMS 0x0000000083c00000, 0x0000000083c00000| Complete 
|  60|0x0000000083c00000, 0x0000000083d00000, 0x0000000083d00000|100%|HC|  |TAMS 0x0000000083d00000, 0x0000000083d00000| Complete 
|  61|0x0000000083d00000, 0x0000000083e00000, 0x0000000083e00000|100%|HC|  |TAMS 0x0000000083e00000, 0x0000000083e00000| Complete 
|  62|0x0000000083e00000, 0x0000000083f00000, 0x0000000083f00000|100%| O|  |TAMS 0x0000000083f00000, 0x0000000083f00000| Untracked 
|  63|0x0000000083f00000, 0x0000000084000000, 0x0000000084000000|100%| O|  |TAMS 0x0000000084000000, 0x0000000084000000| Untracked 
|  64|0x0000000084000000, 0x0000000084100000, 0x0000000084100000|100%| O|  |TAMS 0x0000000084100000, 0x0000000084100000| Untracked 
|  65|0x0000000084100000, 0x0000000084200000, 0x0000000084200000|100%| O|  |TAMS 0x0000000084200000, 0x0000000084200000| Untracked 
|  66|0x0000000084200000, 0x0000000084300000, 0x0000000084300000|100%| O|  |TAMS 0x0000000084300000, 0x0000000084300000| Untracked 
|  67|0x0000000084300000, 0x0000000084400000, 0x0000000084400000|100%| O|  |TAMS 0x0000000084400000, 0x0000000084400000| Untracked 
|  68|0x0000000084400000, 0x0000000084500000, 0x0000000084500000|100%| O|  |TAMS 0x0000000084500000, 0x0000000084500000| Untracked 
|  69|0x0000000084500000, 0x0000000084600000, 0x0000000084600000|100%| O|  |TAMS 0x0000000084600000, 0x0000000084600000| Untracked 
|  70|0x0000000084600000, 0x0000000084700000, 0x0000000084700000|100%|HS|  |TAMS 0x0000000084700000, 0x0000000084700000| Complete 
|  71|0x0000000084700000, 0x0000000084800000, 0x0000000084800000|100%| O|  |TAMS 0x0000000084700000, 0x0000000084800000| Untracked 
|  72|0x0000000084800000, 0x0000000084900000, 0x0000000084900000|100%| O|  |TAMS 0x0000000084800000, 0x0000000084900000| Untracked 
|  73|0x0000000084900000, 0x0000000084a00000, 0x0000000084a00000|100%| O|  |TAMS 0x0000000084a00000, 0x0000000084a00000| Untracked 
|  74|0x0000000084a00000, 0x0000000084b00000, 0x0000000084b00000|100%| O|  |TAMS 0x0000000084b00000, 0x0000000084b00000| Untracked 
|  75|0x0000000084b00000, 0x0000000084c00000, 0x0000000084c00000|100%|HS|  |TAMS 0x0000000084c00000, 0x0000000084c00000| Complete 
|  76|0x0000000084c00000, 0x0000000084d00000, 0x0000000084d00000|100%|HS|  |TAMS 0x0000000084d00000, 0x0000000084d00000| Complete 
|  77|0x0000000084d00000, 0x0000000084e00000, 0x0000000084e00000|100%| O|  |TAMS 0x0000000084e00000, 0x0000000084e00000| Untracked 
|  78|0x0000000084e00000, 0x0000000084f00000, 0x0000000084f00000|100%|HS|  |TAMS 0x0000000084f00000, 0x0000000084f00000| Complete 
|  79|0x0000000084f00000, 0x0000000085000000, 0x0000000085000000|100%| O|  |TAMS 0x0000000084f00000, 0x0000000085000000| Untracked 
|  80|0x0000000085000000, 0x0000000085100000, 0x0000000085100000|100%| O|  |TAMS 0x0000000085100000, 0x0000000085100000| Untracked 
|  81|0x0000000085100000, 0x0000000085200000, 0x0000000085200000|100%| O|  |TAMS 0x0000000085200000, 0x0000000085200000| Untracked 
|  82|0x0000000085200000, 0x0000000085300000, 0x0000000085300000|100%| O|  |TAMS 0x0000000085300000, 0x0000000085300000| Untracked 
|  83|0x0000000085300000, 0x0000000085400000, 0x0000000085400000|100%| O|  |TAMS 0x0000000085400000, 0x0000000085400000| Untracked 
|  84|0x0000000085400000, 0x0000000085500000, 0x0000000085500000|100%| O|  |TAMS 0x0000000085500000, 0x0000000085500000| Untracked 
|  85|0x0000000085500000, 0x0000000085600000, 0x0000000085600000|100%| O|  |TAMS 0x0000000085600000, 0x0000000085600000| Untracked 
|  86|0x0000000085600000, 0x0000000085700000, 0x0000000085700000|100%| O|  |TAMS 0x0000000085700000, 0x0000000085700000| Untracked 
|  87|0x0000000085700000, 0x0000000085800000, 0x0000000085800000|100%| O|  |TAMS 0x0000000085800000, 0x0000000085800000| Untracked 
|  88|0x0000000085800000, 0x0000000085900000, 0x0000000085900000|100%| O|  |TAMS 0x0000000085900000, 0x0000000085900000| Untracked 
|  89|0x0000000085900000, 0x0000000085a00000, 0x0000000085a00000|100%| O|  |TAMS 0x0000000085a00000, 0x0000000085a00000| Untracked 
|  90|0x0000000085a00000, 0x0000000085b00000, 0x0000000085b00000|100%| O|  |TAMS 0x0000000085b00000, 0x0000000085b00000| Untracked 
|  91|0x0000000085b00000, 0x0000000085c00000, 0x0000000085c00000|100%|HS|  |TAMS 0x0000000085c00000, 0x0000000085c00000| Complete 
|  92|0x0000000085c00000, 0x0000000085d00000, 0x0000000085d00000|100%|HC|  |TAMS 0x0000000085d00000, 0x0000000085d00000| Complete 
|  93|0x0000000085d00000, 0x0000000085e00000, 0x0000000085e00000|100%|HS|  |TAMS 0x0000000085e00000, 0x0000000085e00000| Complete 
|  94|0x0000000085e00000, 0x0000000085f00000, 0x0000000085f00000|100%|HC|  |TAMS 0x0000000085f00000, 0x0000000085f00000| Complete 
|  95|0x0000000085f00000, 0x0000000086000000, 0x0000000086000000|100%|HC|  |TAMS 0x0000000086000000, 0x0000000086000000| Complete 
|  96|0x0000000086000000, 0x0000000086100000, 0x0000000086100000|100%|HS|  |TAMS 0x0000000086100000, 0x0000000086100000| Complete 
|  97|0x0000000086100000, 0x0000000086200000, 0x0000000086200000|100%|HC|  |TAMS 0x0000000086200000, 0x0000000086200000| Complete 
|  98|0x0000000086200000, 0x0000000086300000, 0x0000000086300000|100%|HC|  |TAMS 0x0000000086300000, 0x0000000086300000| Complete 
|  99|0x0000000086300000, 0x0000000086400000, 0x0000000086400000|100%| O|  |TAMS 0x0000000086400000, 0x0000000086400000| Untracked 
| 100|0x0000000086400000, 0x0000000086500000, 0x0000000086500000|100%| O|  |TAMS 0x0000000086500000, 0x0000000086500000| Untracked 
| 101|0x0000000086500000, 0x0000000086600000, 0x0000000086600000|100%| O|  |TAMS 0x0000000086600000, 0x0000000086600000| Untracked 
| 102|0x0000000086600000, 0x0000000086700000, 0x0000000086700000|100%| O|  |TAMS 0x0000000086700000, 0x0000000086700000| Untracked 
| 103|0x0000000086700000, 0x0000000086800000, 0x0000000086800000|100%|HS|  |TAMS 0x0000000086800000, 0x0000000086800000| Complete 
| 104|0x0000000086800000, 0x0000000086900000, 0x0000000086900000|100%|HC|  |TAMS 0x0000000086900000, 0x0000000086900000| Complete 
| 105|0x0000000086900000, 0x0000000086a00000, 0x0000000086a00000|100%|HC|  |TAMS 0x0000000086a00000, 0x0000000086a00000| Complete 
| 106|0x0000000086a00000, 0x0000000086b00000, 0x0000000086b00000|100%|HC|  |TAMS 0x0000000086b00000, 0x0000000086b00000| Complete 
| 107|0x0000000086b00000, 0x0000000086c00000, 0x0000000086c00000|100%|HC|  |TAMS 0x0000000086c00000, 0x0000000086c00000| Complete 
| 108|0x0000000086c00000, 0x0000000086d00000, 0x0000000086d00000|100%|HC|  |TAMS 0x0000000086d00000, 0x0000000086d00000| Complete 
| 109|0x0000000086d00000, 0x0000000086e00000, 0x0000000086e00000|100%|HC|  |TAMS 0x0000000086e00000, 0x0000000086e00000| Complete 
| 110|0x0000000086e00000, 0x0000000086f00000, 0x0000000086f00000|100%|HC|  |TAMS 0x0000000086f00000, 0x0000000086f00000| Complete 
| 111|0x0000000086f00000, 0x0000000087000000, 0x0000000087000000|100%|HC|  |TAMS 0x0000000087000000, 0x0000000087000000| Complete 
| 112|0x0000000087000000, 0x0000000087100000, 0x0000000087100000|100%|HC|  |TAMS 0x0000000087100000, 0x0000000087100000| Complete 
| 113|0x0000000087100000, 0x0000000087200000, 0x0000000087200000|100%|HC|  |TAMS 0x0000000087200000, 0x0000000087200000| Complete 
| 114|0x0000000087200000, 0x0000000087300000, 0x0000000087300000|100%|HC|  |TAMS 0x0000000087300000, 0x0000000087300000| Complete 
| 115|0x0000000087300000, 0x0000000087400000, 0x0000000087400000|100%|HS|  |TAMS 0x0000000087400000, 0x0000000087400000| Complete 
| 116|0x0000000087400000, 0x0000000087500000, 0x0000000087500000|100%|HC|  |TAMS 0x0000000087500000, 0x0000000087500000| Complete 
| 117|0x0000000087500000, 0x0000000087600000, 0x0000000087600000|100%| O|  |TAMS 0x0000000087600000, 0x0000000087600000| Untracked 
| 118|0x0000000087600000, 0x0000000087700000, 0x0000000087700000|100%| O|  |TAMS 0x0000000087700000, 0x0000000087700000| Untracked 
| 119|0x0000000087700000, 0x0000000087800000, 0x0000000087800000|100%| O|  |TAMS 0x0000000087800000, 0x0000000087800000| Untracked 
| 120|0x0000000087800000, 0x0000000087900000, 0x0000000087900000|100%| O|  |TAMS 0x0000000087900000, 0x0000000087900000| Untracked 
| 121|0x0000000087900000, 0x0000000087a00000, 0x0000000087a00000|100%| O|  |TAMS 0x0000000087a00000, 0x0000000087a00000| Untracked 
| 122|0x0000000087a00000, 0x0000000087b00000, 0x0000000087b00000|100%| O|  |TAMS 0x0000000087b00000, 0x0000000087b00000| Untracked 
| 123|0x0000000087b00000, 0x0000000087c00000, 0x0000000087c00000|100%| O|  |TAMS 0x0000000087c00000, 0x0000000087c00000| Untracked 
| 124|0x0000000087c00000, 0x0000000087d00000, 0x0000000087d00000|100%| O|  |TAMS 0x0000000087d00000, 0x0000000087d00000| Untracked 
| 125|0x0000000087d00000, 0x0000000087e00000, 0x0000000087e00000|100%| O|  |TAMS 0x0000000087e00000, 0x0000000087e00000| Untracked 
| 126|0x0000000087e00000, 0x0000000087f00000, 0x0000000087f00000|100%|HS|  |TAMS 0x0000000087f00000, 0x0000000087f00000| Complete 
| 127|0x0000000087f00000, 0x0000000088000000, 0x0000000088000000|100%| O|  |TAMS 0x0000000088000000, 0x0000000088000000| Untracked 
| 128|0x0000000088000000, 0x0000000088100000, 0x0000000088100000|100%| O|  |TAMS 0x0000000088100000, 0x0000000088100000| Untracked 
| 129|0x0000000088100000, 0x0000000088200000, 0x0000000088200000|100%| O|  |TAMS 0x0000000088200000, 0x0000000088200000| Untracked 
| 130|0x0000000088200000, 0x0000000088300000, 0x0000000088300000|100%| O|  |TAMS 0x0000000088300000, 0x0000000088300000| Untracked 
| 131|0x0000000088300000, 0x0000000088400000, 0x0000000088400000|100%| O|  |TAMS 0x0000000088400000, 0x0000000088400000| Untracked 
| 132|0x0000000088400000, 0x0000000088500000, 0x0000000088500000|100%| O|  |TAMS 0x0000000088500000, 0x0000000088500000| Untracked 
| 133|0x0000000088500000, 0x0000000088600000, 0x0000000088600000|100%| O|  |TAMS 0x0000000088600000, 0x0000000088600000| Untracked 
| 134|0x0000000088600000, 0x0000000088700000, 0x0000000088700000|100%| O|  |TAMS 0x0000000088700000, 0x0000000088700000| Untracked 
| 135|0x0000000088700000, 0x0000000088800000, 0x0000000088800000|100%| O|  |TAMS 0x0000000088800000, 0x0000000088800000| Untracked 
| 136|0x0000000088800000, 0x0000000088900000, 0x0000000088900000|100%| O|  |TAMS 0x0000000088900000, 0x0000000088900000| Untracked 
| 137|0x0000000088900000, 0x0000000088a00000, 0x0000000088a00000|100%| O|  |TAMS 0x0000000088a00000, 0x0000000088a00000| Untracked 
| 138|0x0000000088a00000, 0x0000000088b00000, 0x0000000088b00000|100%| O|  |TAMS 0x0000000088a00000, 0x0000000088b00000| Untracked 
| 139|0x0000000088b00000, 0x0000000088c00000, 0x0000000088c00000|100%| O|  |TAMS 0x0000000088c00000, 0x0000000088c00000| Untracked 
| 140|0x0000000088c00000, 0x0000000088d00000, 0x0000000088d00000|100%| O|  |TAMS 0x0000000088c00000, 0x0000000088d00000| Untracked 
| 141|0x0000000088d00000, 0x0000000088e00000, 0x0000000088e00000|100%| O|  |TAMS 0x0000000088e00000, 0x0000000088e00000| Untracked 
| 142|0x0000000088e00000, 0x0000000088f00000, 0x0000000088f00000|100%| O|  |TAMS 0x0000000088f00000, 0x0000000088f00000| Untracked 
| 143|0x0000000088f00000, 0x0000000089000000, 0x0000000089000000|100%| O|  |TAMS 0x0000000089000000, 0x0000000089000000| Untracked 
| 144|0x0000000089000000, 0x0000000089100000, 0x0000000089100000|100%|HS|  |TAMS 0x0000000089100000, 0x0000000089100000| Complete 
| 145|0x0000000089100000, 0x0000000089200000, 0x0000000089200000|100%|HS|  |TAMS 0x0000000089200000, 0x0000000089200000| Complete 
| 146|0x0000000089200000, 0x0000000089300000, 0x0000000089300000|100%| O|  |TAMS 0x0000000089300000, 0x0000000089300000| Untracked 
| 147|0x0000000089300000, 0x0000000089400000, 0x0000000089400000|100%| O|  |TAMS 0x0000000089400000, 0x0000000089400000| Untracked 
| 148|0x0000000089400000, 0x0000000089500000, 0x0000000089500000|100%| O|  |TAMS 0x0000000089500000, 0x0000000089500000| Untracked 
| 149|0x0000000089500000, 0x0000000089500000, 0x0000000089600000|  0%| F|  |TAMS 0x0000000089500000, 0x0000000089500000| Untracked 
| 150|0x0000000089600000, 0x0000000089700000, 0x0000000089700000|100%| O|  |TAMS 0x0000000089700000, 0x0000000089700000| Untracked 
| 151|0x0000000089700000, 0x0000000089800000, 0x0000000089800000|100%| O|  |TAMS 0x0000000089800000, 0x0000000089800000| Untracked 
| 152|0x0000000089800000, 0x0000000089900000, 0x0000000089900000|100%| O|  |TAMS 0x0000000089900000, 0x0000000089900000| Untracked 
| 153|0x0000000089900000, 0x0000000089a00000, 0x0000000089a00000|100%| O|  |TAMS 0x0000000089a00000, 0x0000000089a00000| Untracked 
| 154|0x0000000089a00000, 0x0000000089b00000, 0x0000000089b00000|100%| O|  |TAMS 0x0000000089b00000, 0x0000000089b00000| Untracked 
| 155|0x0000000089b00000, 0x0000000089c00000, 0x0000000089c00000|100%| O|  |TAMS 0x0000000089c00000, 0x0000000089c00000| Untracked 
| 156|0x0000000089c00000, 0x0000000089d00000, 0x0000000089d00000|100%| O|  |TAMS 0x0000000089d00000, 0x0000000089d00000| Untracked 
| 157|0x0000000089d00000, 0x0000000089e00000, 0x0000000089e00000|100%| O|  |TAMS 0x0000000089e00000, 0x0000000089e00000| Untracked 
| 158|0x0000000089e00000, 0x0000000089f00000, 0x0000000089f00000|100%| O|  |TAMS 0x0000000089f00000, 0x0000000089f00000| Untracked 
| 159|0x0000000089f00000, 0x000000008a000000, 0x000000008a000000|100%| O|  |TAMS 0x000000008a000000, 0x000000008a000000| Untracked 
| 160|0x000000008a000000, 0x000000008a100000, 0x000000008a100000|100%| O|  |TAMS 0x000000008a100000, 0x000000008a100000| Untracked 
| 161|0x000000008a100000, 0x000000008a200000, 0x000000008a200000|100%| O|  |TAMS 0x000000008a200000, 0x000000008a200000| Untracked 
| 162|0x000000008a200000, 0x000000008a300000, 0x000000008a300000|100%| O|  |TAMS 0x000000008a300000, 0x000000008a300000| Untracked 
| 163|0x000000008a300000, 0x000000008a400000, 0x000000008a400000|100%| O|  |TAMS 0x000000008a400000, 0x000000008a400000| Untracked 
| 164|0x000000008a400000, 0x000000008a500000, 0x000000008a500000|100%| O|  |TAMS 0x000000008a500000, 0x000000008a500000| Untracked 
| 165|0x000000008a500000, 0x000000008a600000, 0x000000008a600000|100%| O|  |TAMS 0x000000008a600000, 0x000000008a600000| Untracked 
| 166|0x000000008a600000, 0x000000008a700000, 0x000000008a700000|100%| O|  |TAMS 0x000000008a700000, 0x000000008a700000| Untracked 
| 167|0x000000008a700000, 0x000000008a800000, 0x000000008a800000|100%| O|  |TAMS 0x000000008a800000, 0x000000008a800000| Untracked 
| 168|0x000000008a800000, 0x000000008a900000, 0x000000008a900000|100%| O|  |TAMS 0x000000008a900000, 0x000000008a900000| Untracked 
| 169|0x000000008a900000, 0x000000008aa00000, 0x000000008aa00000|100%| O|  |TAMS 0x000000008aa00000, 0x000000008aa00000| Untracked 
| 170|0x000000008aa00000, 0x000000008ab00000, 0x000000008ab00000|100%| O|  |TAMS 0x000000008aa00000, 0x000000008ab00000| Untracked 
| 171|0x000000008ab00000, 0x000000008ac00000, 0x000000008ac00000|100%| O|  |TAMS 0x000000008ac00000, 0x000000008ac00000| Untracked 
| 172|0x000000008ac00000, 0x000000008ad00000, 0x000000008ad00000|100%| O|  |TAMS 0x000000008ad00000, 0x000000008ad00000| Untracked 
| 173|0x000000008ad00000, 0x000000008ae00000, 0x000000008ae00000|100%| O|  |TAMS 0x000000008ae00000, 0x000000008ae00000| Untracked 
| 174|0x000000008ae00000, 0x000000008af00000, 0x000000008af00000|100%| O|  |TAMS 0x000000008af00000, 0x000000008af00000| Untracked 
| 175|0x000000008af00000, 0x000000008b000000, 0x000000008b000000|100%| O|  |TAMS 0x000000008b000000, 0x000000008b000000| Untracked 
| 176|0x000000008b000000, 0x000000008b100000, 0x000000008b100000|100%| O|  |TAMS 0x000000008b100000, 0x000000008b100000| Untracked 
| 177|0x000000008b100000, 0x000000008b200000, 0x000000008b200000|100%| O|  |TAMS 0x000000008b200000, 0x000000008b200000| Untracked 
| 178|0x000000008b200000, 0x000000008b300000, 0x000000008b300000|100%| O|  |TAMS 0x000000008b300000, 0x000000008b300000| Untracked 
| 179|0x000000008b300000, 0x000000008b400000, 0x000000008b400000|100%| O|  |TAMS 0x000000008b300000, 0x000000008b400000| Untracked 
| 180|0x000000008b400000, 0x000000008b500000, 0x000000008b500000|100%| O|  |TAMS 0x000000008b500000, 0x000000008b500000| Untracked 
| 181|0x000000008b500000, 0x000000008b500000, 0x000000008b600000|  0%| F|  |TAMS 0x000000008b500000, 0x000000008b500000| Untracked 
| 182|0x000000008b600000, 0x000000008b700000, 0x000000008b700000|100%| O|  |TAMS 0x000000008b700000, 0x000000008b700000| Untracked 
| 183|0x000000008b700000, 0x000000008b800000, 0x000000008b800000|100%| O|  |TAMS 0x000000008b800000, 0x000000008b800000| Untracked 
| 184|0x000000008b800000, 0x000000008b900000, 0x000000008b900000|100%| O|  |TAMS 0x000000008b900000, 0x000000008b900000| Untracked 
| 185|0x000000008b900000, 0x000000008ba00000, 0x000000008ba00000|100%| O|  |TAMS 0x000000008ba00000, 0x000000008ba00000| Untracked 
| 186|0x000000008ba00000, 0x000000008bb00000, 0x000000008bb00000|100%| O|  |TAMS 0x000000008bb00000, 0x000000008bb00000| Untracked 
| 187|0x000000008bb00000, 0x000000008bc00000, 0x000000008bc00000|100%| O|  |TAMS 0x000000008bc00000, 0x000000008bc00000| Untracked 
| 188|0x000000008bc00000, 0x000000008bd00000, 0x000000008bd00000|100%| O|  |TAMS 0x000000008bd00000, 0x000000008bd00000| Untracked 
| 189|0x000000008bd00000, 0x000000008be00000, 0x000000008be00000|100%| O|  |TAMS 0x000000008be00000, 0x000000008be00000| Untracked 
| 190|0x000000008be00000, 0x000000008bf00000, 0x000000008bf00000|100%| O|  |TAMS 0x000000008bf00000, 0x000000008bf00000| Untracked 
| 191|0x000000008bf00000, 0x000000008c000000, 0x000000008c000000|100%| O|  |TAMS 0x000000008c000000, 0x000000008c000000| Untracked 
| 192|0x000000008c000000, 0x000000008c100000, 0x000000008c100000|100%| O|  |TAMS 0x000000008c000000, 0x000000008c100000| Untracked 
| 193|0x000000008c100000, 0x000000008c200000, 0x000000008c200000|100%| O|  |TAMS 0x000000008c100000, 0x000000008c200000| Untracked 
| 194|0x000000008c200000, 0x000000008c300000, 0x000000008c300000|100%| O|  |TAMS 0x000000008c200000, 0x000000008c300000| Untracked 
| 195|0x000000008c300000, 0x000000008c400000, 0x000000008c400000|100%| O|  |TAMS 0x000000008c400000, 0x000000008c400000| Untracked 
| 196|0x000000008c400000, 0x000000008c500000, 0x000000008c500000|100%| O|  |TAMS 0x000000008c500000, 0x000000008c500000| Untracked 
| 197|0x000000008c500000, 0x000000008c600000, 0x000000008c600000|100%| O|  |TAMS 0x000000008c600000, 0x000000008c600000| Untracked 
| 198|0x000000008c600000, 0x000000008c700000, 0x000000008c700000|100%| O|  |TAMS 0x000000008c700000, 0x000000008c700000| Untracked 
| 199|0x000000008c700000, 0x000000008c800000, 0x000000008c800000|100%| O|  |TAMS 0x000000008c734200, 0x000000008c800000| Untracked 
| 200|0x000000008c800000, 0x000000008c834a00, 0x000000008c900000| 20%| O|  |TAMS 0x000000008c800000, 0x000000008c834a00| Untracked 
| 201|0x000000008c900000, 0x000000008ca00000, 0x000000008ca00000|100%| O|  |TAMS 0x000000008ca00000, 0x000000008ca00000| Untracked 
| 202|0x000000008ca00000, 0x000000008cb00000, 0x000000008cb00000|100%| O|  |TAMS 0x000000008cb00000, 0x000000008cb00000| Untracked 
| 203|0x000000008cb00000, 0x000000008cc00000, 0x000000008cc00000|100%| O|  |TAMS 0x000000008cc00000, 0x000000008cc00000| Untracked 
| 204|0x000000008cc00000, 0x000000008cc00000, 0x000000008cd00000|  0%| F|  |TAMS 0x000000008cc00000, 0x000000008cc00000| Untracked 
| 205|0x000000008cd00000, 0x000000008cd00000, 0x000000008ce00000|  0%| F|  |TAMS 0x000000008cd00000, 0x000000008cd00000| Untracked 
| 206|0x000000008ce00000, 0x000000008cf00000, 0x000000008cf00000|100%| O|  |TAMS 0x000000008cf00000, 0x000000008cf00000| Untracked 
| 207|0x000000008cf00000, 0x000000008cf00000, 0x000000008d000000|  0%| F|  |TAMS 0x000000008cf00000, 0x000000008cf00000| Untracked 
| 208|0x000000008d000000, 0x000000008d000000, 0x000000008d100000|  0%| F|  |TAMS 0x000000008d000000, 0x000000008d000000| Untracked 
| 209|0x000000008d100000, 0x000000008d100000, 0x000000008d200000|  0%| F|  |TAMS 0x000000008d100000, 0x000000008d100000| Untracked 
| 210|0x000000008d200000, 0x000000008d200000, 0x000000008d300000|  0%| F|  |TAMS 0x000000008d200000, 0x000000008d200000| Untracked 
| 211|0x000000008d300000, 0x000000008d400000, 0x000000008d400000|100%| O|  |TAMS 0x000000008d400000, 0x000000008d400000| Untracked 
| 212|0x000000008d400000, 0x000000008d500000, 0x000000008d500000|100%| O|  |TAMS 0x000000008d500000, 0x000000008d500000| Untracked 
| 213|0x000000008d500000, 0x000000008d500000, 0x000000008d600000|  0%| F|  |TAMS 0x000000008d500000, 0x000000008d500000| Untracked 
| 214|0x000000008d600000, 0x000000008d700000, 0x000000008d700000|100%| O|  |TAMS 0x000000008d700000, 0x000000008d700000| Untracked 
| 215|0x000000008d700000, 0x000000008d800000, 0x000000008d800000|100%| O|  |TAMS 0x000000008d800000, 0x000000008d800000| Untracked 
| 216|0x000000008d800000, 0x000000008d900000, 0x000000008d900000|100%| O|  |TAMS 0x000000008d900000, 0x000000008d900000| Untracked 
| 217|0x000000008d900000, 0x000000008da00000, 0x000000008da00000|100%| O|  |TAMS 0x000000008da00000, 0x000000008da00000| Untracked 
| 218|0x000000008da00000, 0x000000008db00000, 0x000000008db00000|100%| O|  |TAMS 0x000000008db00000, 0x000000008db00000| Untracked 
| 219|0x000000008db00000, 0x000000008dc00000, 0x000000008dc00000|100%| O|  |TAMS 0x000000008dc00000, 0x000000008dc00000| Untracked 
| 220|0x000000008dc00000, 0x000000008dd00000, 0x000000008dd00000|100%| O|  |TAMS 0x000000008dd00000, 0x000000008dd00000| Untracked 
| 221|0x000000008dd00000, 0x000000008de00000, 0x000000008de00000|100%| O|  |TAMS 0x000000008de00000, 0x000000008de00000| Untracked 
| 222|0x000000008de00000, 0x000000008df00000, 0x000000008df00000|100%| O|  |TAMS 0x000000008df00000, 0x000000008df00000| Untracked 
| 223|0x000000008df00000, 0x000000008e000000, 0x000000008e000000|100%| O|  |TAMS 0x000000008e000000, 0x000000008e000000| Untracked 
| 224|0x000000008e000000, 0x000000008e000000, 0x000000008e100000|  0%| F|  |TAMS 0x000000008e000000, 0x000000008e000000| Untracked 
| 225|0x000000008e100000, 0x000000008e200000, 0x000000008e200000|100%| O|  |TAMS 0x000000008e200000, 0x000000008e200000| Untracked 
| 226|0x000000008e200000, 0x000000008e200000, 0x000000008e300000|  0%| F|  |TAMS 0x000000008e200000, 0x000000008e200000| Untracked 
| 227|0x000000008e300000, 0x000000008e400000, 0x000000008e400000|100%| O|  |TAMS 0x000000008e400000, 0x000000008e400000| Untracked 
| 228|0x000000008e400000, 0x000000008e500000, 0x000000008e500000|100%| O|  |TAMS 0x000000008e500000, 0x000000008e500000| Untracked 
| 229|0x000000008e500000, 0x000000008e600000, 0x000000008e600000|100%| O|  |TAMS 0x000000008e600000, 0x000000008e600000| Untracked 
| 230|0x000000008e600000, 0x000000008e700000, 0x000000008e700000|100%| O|  |TAMS 0x000000008e700000, 0x000000008e700000| Untracked 
| 231|0x000000008e700000, 0x000000008e800000, 0x000000008e800000|100%| O|  |TAMS 0x000000008e800000, 0x000000008e800000| Untracked 
| 232|0x000000008e800000, 0x000000008e800000, 0x000000008e900000|  0%| F|  |TAMS 0x000000008e800000, 0x000000008e800000| Untracked 
| 233|0x000000008e900000, 0x000000008ea00000, 0x000000008ea00000|100%| O|  |TAMS 0x000000008ea00000, 0x000000008ea00000| Untracked 
| 234|0x000000008ea00000, 0x000000008ea00000, 0x000000008eb00000|  0%| F|  |TAMS 0x000000008ea00000, 0x000000008ea00000| Untracked 
| 235|0x000000008eb00000, 0x000000008eb00000, 0x000000008ec00000|  0%| F|  |TAMS 0x000000008eb00000, 0x000000008eb00000| Untracked 
| 236|0x000000008ec00000, 0x000000008ec00000, 0x000000008ed00000|  0%| F|  |TAMS 0x000000008ec00000, 0x000000008ec00000| Untracked 
| 237|0x000000008ed00000, 0x000000008ed00000, 0x000000008ee00000|  0%| F|  |TAMS 0x000000008ed00000, 0x000000008ed00000| Untracked 
| 238|0x000000008ee00000, 0x000000008ef00000, 0x000000008ef00000|100%| O|  |TAMS 0x000000008ef00000, 0x000000008ef00000| Untracked 
| 239|0x000000008ef00000, 0x000000008ef00000, 0x000000008f000000|  0%| F|  |TAMS 0x000000008ef00000, 0x000000008ef00000| Untracked 
| 240|0x000000008f000000, 0x000000008f000000, 0x000000008f100000|  0%| F|  |TAMS 0x000000008f000000, 0x000000008f000000| Untracked 
| 241|0x000000008f100000, 0x000000008f100000, 0x000000008f200000|  0%| F|  |TAMS 0x000000008f100000, 0x000000008f100000| Untracked 
| 242|0x000000008f200000, 0x000000008f200000, 0x000000008f300000|  0%| F|  |TAMS 0x000000008f200000, 0x000000008f200000| Untracked 
| 243|0x000000008f300000, 0x000000008f300000, 0x000000008f400000|  0%| F|  |TAMS 0x000000008f300000, 0x000000008f300000| Untracked 
| 244|0x000000008f400000, 0x000000008f500000, 0x000000008f500000|100%| O|  |TAMS 0x000000008f500000, 0x000000008f500000| Untracked 
| 245|0x000000008f500000, 0x000000008f500000, 0x000000008f600000|  0%| F|  |TAMS 0x000000008f500000, 0x000000008f500000| Untracked 
| 246|0x000000008f600000, 0x000000008f600000, 0x000000008f700000|  0%| F|  |TAMS 0x000000008f600000, 0x000000008f600000| Untracked 
| 247|0x000000008f700000, 0x000000008f700000, 0x000000008f800000|  0%| F|  |TAMS 0x000000008f700000, 0x000000008f700000| Untracked 
| 248|0x000000008f800000, 0x000000008f800000, 0x000000008f900000|  0%| F|  |TAMS 0x000000008f800000, 0x000000008f800000| Untracked 
| 249|0x000000008f900000, 0x000000008f900000, 0x000000008fa00000|  0%| F|  |TAMS 0x000000008f900000, 0x000000008f900000| Untracked 
| 250|0x000000008fa00000, 0x000000008fa00000, 0x000000008fb00000|  0%| F|  |TAMS 0x000000008fa00000, 0x000000008fa00000| Untracked 
| 251|0x000000008fb00000, 0x000000008fb00000, 0x000000008fc00000|  0%| F|  |TAMS 0x000000008fb00000, 0x000000008fb00000| Untracked 
| 252|0x000000008fc00000, 0x000000008fc00000, 0x000000008fd00000|  0%| F|  |TAMS 0x000000008fc00000, 0x000000008fc00000| Untracked 
| 253|0x000000008fd00000, 0x000000008fd00000, 0x000000008fe00000|  0%| F|  |TAMS 0x000000008fd00000, 0x000000008fd00000| Untracked 
| 254|0x000000008fe00000, 0x000000008fe00000, 0x000000008ff00000|  0%| F|  |TAMS 0x000000008fe00000, 0x000000008fe00000| Untracked 
| 255|0x000000008ff00000, 0x000000008ff00000, 0x0000000090000000|  0%| F|  |TAMS 0x000000008ff00000, 0x000000008ff00000| Untracked 
| 256|0x0000000090000000, 0x0000000090000000, 0x0000000090100000|  0%| F|  |TAMS 0x0000000090000000, 0x0000000090000000| Untracked 
| 257|0x0000000090100000, 0x0000000090100000, 0x0000000090200000|  0%| F|  |TAMS 0x0000000090100000, 0x0000000090100000| Untracked 
| 258|0x0000000090200000, 0x0000000090200000, 0x0000000090300000|  0%| F|  |TAMS 0x0000000090200000, 0x0000000090200000| Untracked 
| 259|0x0000000090300000, 0x0000000090300000, 0x0000000090400000|  0%| F|  |TAMS 0x0000000090300000, 0x0000000090300000| Untracked 
| 260|0x0000000090400000, 0x0000000090400000, 0x0000000090500000|  0%| F|  |TAMS 0x0000000090400000, 0x0000000090400000| Untracked 
| 261|0x0000000090500000, 0x0000000090500000, 0x0000000090600000|  0%| F|  |TAMS 0x0000000090500000, 0x0000000090500000| Untracked 
| 262|0x0000000090600000, 0x0000000090600000, 0x0000000090700000|  0%| F|  |TAMS 0x0000000090600000, 0x0000000090600000| Untracked 
| 263|0x0000000090700000, 0x0000000090700000, 0x0000000090800000|  0%| F|  |TAMS 0x0000000090700000, 0x0000000090700000| Untracked 
| 264|0x0000000090800000, 0x0000000090800000, 0x0000000090900000|  0%| F|  |TAMS 0x0000000090800000, 0x0000000090800000| Untracked 
| 265|0x0000000090900000, 0x0000000090900000, 0x0000000090a00000|  0%| F|  |TAMS 0x0000000090900000, 0x0000000090900000| Untracked 
| 266|0x0000000090a00000, 0x0000000090a00000, 0x0000000090b00000|  0%| F|  |TAMS 0x0000000090a00000, 0x0000000090a00000| Untracked 
| 267|0x0000000090b00000, 0x0000000090b00000, 0x0000000090c00000|  0%| F|  |TAMS 0x0000000090b00000, 0x0000000090b00000| Untracked 
| 268|0x0000000090c00000, 0x0000000090c00000, 0x0000000090d00000|  0%| F|  |TAMS 0x0000000090c00000, 0x0000000090c00000| Untracked 
| 269|0x0000000090d00000, 0x0000000090d00000, 0x0000000090e00000|  0%| F|  |TAMS 0x0000000090d00000, 0x0000000090d00000| Untracked 
| 270|0x0000000090e00000, 0x0000000090e00000, 0x0000000090f00000|  0%| F|  |TAMS 0x0000000090e00000, 0x0000000090e00000| Untracked 
| 271|0x0000000090f00000, 0x0000000090f00000, 0x0000000091000000|  0%| F|  |TAMS 0x0000000090f00000, 0x0000000090f00000| Untracked 
| 272|0x0000000091000000, 0x0000000091000000, 0x0000000091100000|  0%| F|  |TAMS 0x0000000091000000, 0x0000000091000000| Untracked 
| 273|0x0000000091100000, 0x0000000091100000, 0x0000000091200000|  0%| F|  |TAMS 0x0000000091100000, 0x0000000091100000| Untracked 
| 274|0x0000000091200000, 0x0000000091200000, 0x0000000091300000|  0%| F|  |TAMS 0x0000000091200000, 0x0000000091200000| Untracked 
| 275|0x0000000091300000, 0x0000000091300000, 0x0000000091400000|  0%| F|  |TAMS 0x0000000091300000, 0x0000000091300000| Untracked 
| 276|0x0000000091400000, 0x0000000091400000, 0x0000000091500000|  0%| F|  |TAMS 0x0000000091400000, 0x0000000091400000| Untracked 
| 277|0x0000000091500000, 0x0000000091500000, 0x0000000091600000|  0%| F|  |TAMS 0x0000000091500000, 0x0000000091500000| Untracked 
| 278|0x0000000091600000, 0x0000000091600000, 0x0000000091700000|  0%| F|  |TAMS 0x0000000091600000, 0x0000000091600000| Untracked 
| 279|0x0000000091700000, 0x0000000091700000, 0x0000000091800000|  0%| F|  |TAMS 0x0000000091700000, 0x0000000091700000| Untracked 
| 280|0x0000000091800000, 0x0000000091800000, 0x0000000091900000|  0%| F|  |TAMS 0x0000000091800000, 0x0000000091800000| Untracked 
| 281|0x0000000091900000, 0x0000000091900000, 0x0000000091a00000|  0%| F|  |TAMS 0x0000000091900000, 0x0000000091900000| Untracked 
| 282|0x0000000091a00000, 0x0000000091a00000, 0x0000000091b00000|  0%| F|  |TAMS 0x0000000091a00000, 0x0000000091a00000| Untracked 
| 283|0x0000000091b00000, 0x0000000091b00000, 0x0000000091c00000|  0%| F|  |TAMS 0x0000000091b00000, 0x0000000091b00000| Untracked 
| 284|0x0000000091c00000, 0x0000000091c00000, 0x0000000091d00000|  0%| F|  |TAMS 0x0000000091c00000, 0x0000000091c00000| Untracked 
| 285|0x0000000091d00000, 0x0000000091d00000, 0x0000000091e00000|  0%| F|  |TAMS 0x0000000091d00000, 0x0000000091d00000| Untracked 
| 286|0x0000000091e00000, 0x0000000091e00000, 0x0000000091f00000|  0%| F|  |TAMS 0x0000000091e00000, 0x0000000091e00000| Untracked 
| 287|0x0000000091f00000, 0x0000000091f00000, 0x0000000092000000|  0%| F|  |TAMS 0x0000000091f00000, 0x0000000091f00000| Untracked 
| 288|0x0000000092000000, 0x0000000092000000, 0x0000000092100000|  0%| F|  |TAMS 0x0000000092000000, 0x0000000092000000| Untracked 
| 289|0x0000000092100000, 0x0000000092100000, 0x0000000092200000|  0%| F|  |TAMS 0x0000000092100000, 0x0000000092100000| Untracked 
| 290|0x0000000092200000, 0x0000000092200000, 0x0000000092300000|  0%| F|  |TAMS 0x0000000092200000, 0x0000000092200000| Untracked 
| 291|0x0000000092300000, 0x0000000092300000, 0x0000000092400000|  0%| F|  |TAMS 0x0000000092300000, 0x0000000092300000| Untracked 
| 292|0x0000000092400000, 0x0000000092400000, 0x0000000092500000|  0%| F|  |TAMS 0x0000000092400000, 0x0000000092400000| Untracked 
| 293|0x0000000092500000, 0x0000000092500000, 0x0000000092600000|  0%| F|  |TAMS 0x0000000092500000, 0x0000000092500000| Untracked 
| 294|0x0000000092600000, 0x0000000092600000, 0x0000000092700000|  0%| F|  |TAMS 0x0000000092600000, 0x0000000092600000| Untracked 
| 295|0x0000000092700000, 0x0000000092700000, 0x0000000092800000|  0%| F|  |TAMS 0x0000000092700000, 0x0000000092700000| Untracked 
| 296|0x0000000092800000, 0x0000000092800000, 0x0000000092900000|  0%| F|  |TAMS 0x0000000092800000, 0x0000000092800000| Untracked 
| 297|0x0000000092900000, 0x0000000092900000, 0x0000000092a00000|  0%| F|  |TAMS 0x0000000092900000, 0x0000000092900000| Untracked 
| 298|0x0000000092a00000, 0x0000000092a00000, 0x0000000092b00000|  0%| F|  |TAMS 0x0000000092a00000, 0x0000000092a00000| Untracked 
| 299|0x0000000092b00000, 0x0000000092b00000, 0x0000000092c00000|  0%| F|  |TAMS 0x0000000092b00000, 0x0000000092b00000| Untracked 
| 300|0x0000000092c00000, 0x0000000092c00000, 0x0000000092d00000|  0%| F|  |TAMS 0x0000000092c00000, 0x0000000092c00000| Untracked 
| 301|0x0000000092d00000, 0x0000000092d00000, 0x0000000092e00000|  0%| F|  |TAMS 0x0000000092d00000, 0x0000000092d00000| Untracked 
| 302|0x0000000092e00000, 0x0000000092e00000, 0x0000000092f00000|  0%| F|  |TAMS 0x0000000092e00000, 0x0000000092e00000| Untracked 
| 303|0x0000000092f00000, 0x0000000092f00000, 0x0000000093000000|  0%| F|  |TAMS 0x0000000092f00000, 0x0000000092f00000| Untracked 
| 304|0x0000000093000000, 0x0000000093000000, 0x0000000093100000|  0%| F|  |TAMS 0x0000000093000000, 0x0000000093000000| Untracked 
| 305|0x0000000093100000, 0x0000000093100000, 0x0000000093200000|  0%| F|  |TAMS 0x0000000093100000, 0x0000000093100000| Untracked 
| 306|0x0000000093200000, 0x0000000093200000, 0x0000000093300000|  0%| F|  |TAMS 0x0000000093200000, 0x0000000093200000| Untracked 
| 307|0x0000000093300000, 0x0000000093300000, 0x0000000093400000|  0%| F|  |TAMS 0x0000000093300000, 0x0000000093300000| Untracked 
| 308|0x0000000093400000, 0x0000000093400000, 0x0000000093500000|  0%| F|  |TAMS 0x0000000093400000, 0x0000000093400000| Untracked 
| 309|0x0000000093500000, 0x0000000093500000, 0x0000000093600000|  0%| F|  |TAMS 0x0000000093500000, 0x0000000093500000| Untracked 
| 310|0x0000000093600000, 0x0000000093600000, 0x0000000093700000|  0%| F|  |TAMS 0x0000000093600000, 0x0000000093600000| Untracked 
| 311|0x0000000093700000, 0x0000000093700000, 0x0000000093800000|  0%| F|  |TAMS 0x0000000093700000, 0x0000000093700000| Untracked 
| 312|0x0000000093800000, 0x0000000093800000, 0x0000000093900000|  0%| F|  |TAMS 0x0000000093800000, 0x0000000093800000| Untracked 
| 313|0x0000000093900000, 0x0000000093900000, 0x0000000093a00000|  0%| F|  |TAMS 0x0000000093900000, 0x0000000093900000| Untracked 
| 314|0x0000000093a00000, 0x0000000093a00000, 0x0000000093b00000|  0%| F|  |TAMS 0x0000000093a00000, 0x0000000093a00000| Untracked 
| 315|0x0000000093b00000, 0x0000000093b00000, 0x0000000093c00000|  0%| F|  |TAMS 0x0000000093b00000, 0x0000000093b00000| Untracked 
| 316|0x0000000093c00000, 0x0000000093c00000, 0x0000000093d00000|  0%| F|  |TAMS 0x0000000093c00000, 0x0000000093c00000| Untracked 
| 317|0x0000000093d00000, 0x0000000093d00000, 0x0000000093e00000|  0%| F|  |TAMS 0x0000000093d00000, 0x0000000093d00000| Untracked 
| 318|0x0000000093e00000, 0x0000000093e00000, 0x0000000093f00000|  0%| F|  |TAMS 0x0000000093e00000, 0x0000000093e00000| Untracked 
| 319|0x0000000093f00000, 0x0000000093f00000, 0x0000000094000000|  0%| F|  |TAMS 0x0000000093f00000, 0x0000000093f00000| Untracked 
| 320|0x0000000094000000, 0x0000000094000000, 0x0000000094100000|  0%| F|  |TAMS 0x0000000094000000, 0x0000000094000000| Untracked 
| 321|0x0000000094100000, 0x0000000094100000, 0x0000000094200000|  0%| F|  |TAMS 0x0000000094100000, 0x0000000094100000| Untracked 
| 322|0x0000000094200000, 0x0000000094200000, 0x0000000094300000|  0%| F|  |TAMS 0x0000000094200000, 0x0000000094200000| Untracked 
| 323|0x0000000094300000, 0x0000000094300000, 0x0000000094400000|  0%| F|  |TAMS 0x0000000094300000, 0x0000000094300000| Untracked 
| 324|0x0000000094400000, 0x0000000094400000, 0x0000000094500000|  0%| F|  |TAMS 0x0000000094400000, 0x0000000094400000| Untracked 
| 325|0x0000000094500000, 0x0000000094500000, 0x0000000094600000|  0%| F|  |TAMS 0x0000000094500000, 0x0000000094500000| Untracked 
| 326|0x0000000094600000, 0x0000000094600000, 0x0000000094700000|  0%| F|  |TAMS 0x0000000094600000, 0x0000000094600000| Untracked 
| 327|0x0000000094700000, 0x0000000094700000, 0x0000000094800000|  0%| F|  |TAMS 0x0000000094700000, 0x0000000094700000| Untracked 
| 328|0x0000000094800000, 0x0000000094800000, 0x0000000094900000|  0%| F|  |TAMS 0x0000000094800000, 0x0000000094800000| Untracked 
| 329|0x0000000094900000, 0x0000000094900000, 0x0000000094a00000|  0%| F|  |TAMS 0x0000000094900000, 0x0000000094900000| Untracked 
| 330|0x0000000094a00000, 0x0000000094a20c40, 0x0000000094b00000| 12%| S|CS|TAMS 0x0000000094a00000, 0x0000000094a00000| Complete 
| 331|0x0000000094b00000, 0x0000000094c00000, 0x0000000094c00000|100%| S|CS|TAMS 0x0000000094b00000, 0x0000000094b00000| Complete 
| 332|0x0000000094c00000, 0x0000000094d00000, 0x0000000094d00000|100%| S|CS|TAMS 0x0000000094c00000, 0x0000000094c00000| Complete 
| 333|0x0000000094d00000, 0x0000000094e00000, 0x0000000094e00000|100%| S|CS|TAMS 0x0000000094d00000, 0x0000000094d00000| Complete 
| 334|0x0000000094e00000, 0x0000000094f00000, 0x0000000094f00000|100%| S|CS|TAMS 0x0000000094e00000, 0x0000000094e00000| Complete 
| 335|0x0000000094f00000, 0x0000000095000000, 0x0000000095000000|100%| S|CS|TAMS 0x0000000094f00000, 0x0000000094f00000| Complete 
| 336|0x0000000095000000, 0x0000000095100000, 0x0000000095100000|100%| S|CS|TAMS 0x0000000095000000, 0x0000000095000000| Complete 
| 337|0x0000000095100000, 0x0000000095200000, 0x0000000095200000|100%| S|CS|TAMS 0x0000000095100000, 0x0000000095100000| Complete 
| 338|0x0000000095200000, 0x0000000095300000, 0x0000000095300000|100%| S|CS|TAMS 0x0000000095200000, 0x0000000095200000| Complete 
| 339|0x0000000095300000, 0x0000000095300000, 0x0000000095400000|  0%| F|  |TAMS 0x0000000095300000, 0x0000000095300000| Untracked 
| 340|0x0000000095400000, 0x0000000095400000, 0x0000000095500000|  0%| F|  |TAMS 0x0000000095400000, 0x0000000095400000| Untracked 
| 341|0x0000000095500000, 0x0000000095500000, 0x0000000095600000|  0%| F|  |TAMS 0x0000000095500000, 0x0000000095500000| Untracked 
| 342|0x0000000095600000, 0x0000000095600000, 0x0000000095700000|  0%| F|  |TAMS 0x0000000095600000, 0x0000000095600000| Untracked 
| 343|0x0000000095700000, 0x0000000095700000, 0x0000000095800000|  0%| F|  |TAMS 0x0000000095700000, 0x0000000095700000| Untracked 
| 344|0x0000000095800000, 0x0000000095800000, 0x0000000095900000|  0%| F|  |TAMS 0x0000000095800000, 0x0000000095800000| Untracked 
| 345|0x0000000095900000, 0x0000000095900000, 0x0000000095a00000|  0%| F|  |TAMS 0x0000000095900000, 0x0000000095900000| Untracked 
| 346|0x0000000095a00000, 0x0000000095a00000, 0x0000000095b00000|  0%| F|  |TAMS 0x0000000095a00000, 0x0000000095a00000| Untracked 
| 347|0x0000000095b00000, 0x0000000095b00000, 0x0000000095c00000|  0%| F|  |TAMS 0x0000000095b00000, 0x0000000095b00000| Untracked 
| 348|0x0000000095c00000, 0x0000000095c00000, 0x0000000095d00000|  0%| F|  |TAMS 0x0000000095c00000, 0x0000000095c00000| Untracked 
| 349|0x0000000095d00000, 0x0000000095d00000, 0x0000000095e00000|  0%| F|  |TAMS 0x0000000095d00000, 0x0000000095d00000| Untracked 
| 350|0x0000000095e00000, 0x0000000095e00000, 0x0000000095f00000|  0%| F|  |TAMS 0x0000000095e00000, 0x0000000095e00000| Untracked 
| 351|0x0000000095f00000, 0x0000000095f00000, 0x0000000096000000|  0%| F|  |TAMS 0x0000000095f00000, 0x0000000095f00000| Untracked 
| 352|0x0000000096000000, 0x0000000096000000, 0x0000000096100000|  0%| F|  |TAMS 0x0000000096000000, 0x0000000096000000| Untracked 
| 353|0x0000000096100000, 0x0000000096100000, 0x0000000096200000|  0%| F|  |TAMS 0x0000000096100000, 0x0000000096100000| Untracked 
| 354|0x0000000096200000, 0x0000000096200000, 0x0000000096300000|  0%| F|  |TAMS 0x0000000096200000, 0x0000000096200000| Untracked 
| 355|0x0000000096300000, 0x0000000096300000, 0x0000000096400000|  0%| F|  |TAMS 0x0000000096300000, 0x0000000096300000| Untracked 
| 356|0x0000000096400000, 0x0000000096400000, 0x0000000096500000|  0%| F|  |TAMS 0x0000000096400000, 0x0000000096400000| Untracked 
| 357|0x0000000096500000, 0x0000000096500000, 0x0000000096600000|  0%| F|  |TAMS 0x0000000096500000, 0x0000000096500000| Untracked 
| 358|0x0000000096600000, 0x0000000096600000, 0x0000000096700000|  0%| F|  |TAMS 0x0000000096600000, 0x0000000096600000| Untracked 
| 359|0x0000000096700000, 0x0000000096700000, 0x0000000096800000|  0%| F|  |TAMS 0x0000000096700000, 0x0000000096700000| Untracked 
| 360|0x0000000096800000, 0x0000000096800000, 0x0000000096900000|  0%| F|  |TAMS 0x0000000096800000, 0x0000000096800000| Untracked 
| 361|0x0000000096900000, 0x0000000096900000, 0x0000000096a00000|  0%| F|  |TAMS 0x0000000096900000, 0x0000000096900000| Untracked 
| 362|0x0000000096a00000, 0x0000000096a00000, 0x0000000096b00000|  0%| F|  |TAMS 0x0000000096a00000, 0x0000000096a00000| Untracked 
| 363|0x0000000096b00000, 0x0000000096b00000, 0x0000000096c00000|  0%| F|  |TAMS 0x0000000096b00000, 0x0000000096b00000| Untracked 
| 364|0x0000000096c00000, 0x0000000096c00000, 0x0000000096d00000|  0%| F|  |TAMS 0x0000000096c00000, 0x0000000096c00000| Untracked 
| 365|0x0000000096d00000, 0x0000000096d00000, 0x0000000096e00000|  0%| F|  |TAMS 0x0000000096d00000, 0x0000000096d00000| Untracked 
| 366|0x0000000096e00000, 0x0000000096e00000, 0x0000000096f00000|  0%| F|  |TAMS 0x0000000096e00000, 0x0000000096e00000| Untracked 
| 367|0x0000000096f00000, 0x0000000096f00000, 0x0000000097000000|  0%| F|  |TAMS 0x0000000096f00000, 0x0000000096f00000| Untracked 
| 368|0x0000000097000000, 0x0000000097000000, 0x0000000097100000|  0%| F|  |TAMS 0x0000000097000000, 0x0000000097000000| Untracked 
| 369|0x0000000097100000, 0x0000000097100000, 0x0000000097200000|  0%| F|  |TAMS 0x0000000097100000, 0x0000000097100000| Untracked 
| 370|0x0000000097200000, 0x0000000097200000, 0x0000000097300000|  0%| F|  |TAMS 0x0000000097200000, 0x0000000097200000| Untracked 
| 371|0x0000000097300000, 0x0000000097300000, 0x0000000097400000|  0%| F|  |TAMS 0x0000000097300000, 0x0000000097300000| Untracked 
| 372|0x0000000097400000, 0x0000000097400000, 0x0000000097500000|  0%| F|  |TAMS 0x0000000097400000, 0x0000000097400000| Untracked 
| 373|0x0000000097500000, 0x0000000097500000, 0x0000000097600000|  0%| F|  |TAMS 0x0000000097500000, 0x0000000097500000| Untracked 
| 374|0x0000000097600000, 0x0000000097600000, 0x0000000097700000|  0%| F|  |TAMS 0x0000000097600000, 0x0000000097600000| Untracked 
| 375|0x0000000097700000, 0x0000000097700000, 0x0000000097800000|  0%| F|  |TAMS 0x0000000097700000, 0x0000000097700000| Untracked 
| 376|0x0000000097800000, 0x0000000097800000, 0x0000000097900000|  0%| F|  |TAMS 0x0000000097800000, 0x0000000097800000| Untracked 
| 377|0x0000000097900000, 0x0000000097900000, 0x0000000097a00000|  0%| F|  |TAMS 0x0000000097900000, 0x0000000097900000| Untracked 
| 378|0x0000000097a00000, 0x0000000097a00000, 0x0000000097b00000|  0%| F|  |TAMS 0x0000000097a00000, 0x0000000097a00000| Untracked 
| 379|0x0000000097b00000, 0x0000000097b00000, 0x0000000097c00000|  0%| F|  |TAMS 0x0000000097b00000, 0x0000000097b00000| Untracked 
| 380|0x0000000097c00000, 0x0000000097c00000, 0x0000000097d00000|  0%| F|  |TAMS 0x0000000097c00000, 0x0000000097c00000| Untracked 
| 381|0x0000000097d00000, 0x0000000097d00000, 0x0000000097e00000|  0%| F|  |TAMS 0x0000000097d00000, 0x0000000097d00000| Untracked 
| 382|0x0000000097e00000, 0x0000000097e00000, 0x0000000097f00000|  0%| F|  |TAMS 0x0000000097e00000, 0x0000000097e00000| Untracked 
| 383|0x0000000097f00000, 0x0000000097f00000, 0x0000000098000000|  0%| F|  |TAMS 0x0000000097f00000, 0x0000000097f00000| Untracked 
| 384|0x0000000098000000, 0x0000000098000000, 0x0000000098100000|  0%| F|  |TAMS 0x0000000098000000, 0x0000000098000000| Untracked 
| 385|0x0000000098100000, 0x0000000098100000, 0x0000000098200000|  0%| F|  |TAMS 0x0000000098100000, 0x0000000098100000| Untracked 
| 386|0x0000000098200000, 0x0000000098200000, 0x0000000098300000|  0%| F|  |TAMS 0x0000000098200000, 0x0000000098200000| Untracked 
| 387|0x0000000098300000, 0x0000000098300000, 0x0000000098400000|  0%| F|  |TAMS 0x0000000098300000, 0x0000000098300000| Untracked 
| 388|0x0000000098400000, 0x0000000098400000, 0x0000000098500000|  0%| F|  |TAMS 0x0000000098400000, 0x0000000098400000| Untracked 
| 389|0x0000000098500000, 0x0000000098500000, 0x0000000098600000|  0%| F|  |TAMS 0x0000000098500000, 0x0000000098500000| Untracked 
| 390|0x0000000098600000, 0x0000000098600000, 0x0000000098700000|  0%| F|  |TAMS 0x0000000098600000, 0x0000000098600000| Untracked 
| 391|0x0000000098700000, 0x0000000098700000, 0x0000000098800000|  0%| F|  |TAMS 0x0000000098700000, 0x0000000098700000| Untracked 
| 392|0x0000000098800000, 0x0000000098800000, 0x0000000098900000|  0%| F|  |TAMS 0x0000000098800000, 0x0000000098800000| Untracked 
| 393|0x0000000098900000, 0x0000000098900000, 0x0000000098a00000|  0%| F|  |TAMS 0x0000000098900000, 0x0000000098900000| Untracked 
| 394|0x0000000098a00000, 0x0000000098a00000, 0x0000000098b00000|  0%| F|  |TAMS 0x0000000098a00000, 0x0000000098a00000| Untracked 
| 395|0x0000000098b00000, 0x0000000098b00000, 0x0000000098c00000|  0%| F|  |TAMS 0x0000000098b00000, 0x0000000098b00000| Untracked 
| 396|0x0000000098c00000, 0x0000000098c00000, 0x0000000098d00000|  0%| F|  |TAMS 0x0000000098c00000, 0x0000000098c00000| Untracked 
| 397|0x0000000098d00000, 0x0000000098d00000, 0x0000000098e00000|  0%| F|  |TAMS 0x0000000098d00000, 0x0000000098d00000| Untracked 
| 398|0x0000000098e00000, 0x0000000098e00000, 0x0000000098f00000|  0%| F|  |TAMS 0x0000000098e00000, 0x0000000098e00000| Untracked 
| 399|0x0000000098f00000, 0x0000000098f00000, 0x0000000099000000|  0%| F|  |TAMS 0x0000000098f00000, 0x0000000098f00000| Untracked 
| 400|0x0000000099000000, 0x0000000099000000, 0x0000000099100000|  0%| F|  |TAMS 0x0000000099000000, 0x0000000099000000| Untracked 
| 401|0x0000000099100000, 0x0000000099100000, 0x0000000099200000|  0%| F|  |TAMS 0x0000000099100000, 0x0000000099100000| Untracked 
| 402|0x0000000099200000, 0x0000000099200000, 0x0000000099300000|  0%| F|  |TAMS 0x0000000099200000, 0x0000000099200000| Untracked 
| 403|0x0000000099300000, 0x0000000099300000, 0x0000000099400000|  0%| F|  |TAMS 0x0000000099300000, 0x0000000099300000| Untracked 
| 404|0x0000000099400000, 0x0000000099400000, 0x0000000099500000|  0%| F|  |TAMS 0x0000000099400000, 0x0000000099400000| Untracked 
| 405|0x0000000099500000, 0x0000000099500000, 0x0000000099600000|  0%| F|  |TAMS 0x0000000099500000, 0x0000000099500000| Untracked 
| 406|0x0000000099600000, 0x0000000099600000, 0x0000000099700000|  0%| F|  |TAMS 0x0000000099600000, 0x0000000099600000| Untracked 
| 407|0x0000000099700000, 0x0000000099700000, 0x0000000099800000|  0%| F|  |TAMS 0x0000000099700000, 0x0000000099700000| Untracked 
| 408|0x0000000099800000, 0x0000000099800000, 0x0000000099900000|  0%| F|  |TAMS 0x0000000099800000, 0x0000000099800000| Untracked 
| 409|0x0000000099900000, 0x0000000099900000, 0x0000000099a00000|  0%| F|  |TAMS 0x0000000099900000, 0x0000000099900000| Untracked 
| 410|0x0000000099a00000, 0x0000000099a00000, 0x0000000099b00000|  0%| F|  |TAMS 0x0000000099a00000, 0x0000000099a00000| Untracked 
| 411|0x0000000099b00000, 0x0000000099b00000, 0x0000000099c00000|  0%| F|  |TAMS 0x0000000099b00000, 0x0000000099b00000| Untracked 
| 412|0x0000000099c00000, 0x0000000099c00000, 0x0000000099d00000|  0%| F|  |TAMS 0x0000000099c00000, 0x0000000099c00000| Untracked 
| 413|0x0000000099d00000, 0x0000000099d00000, 0x0000000099e00000|  0%| F|  |TAMS 0x0000000099d00000, 0x0000000099d00000| Untracked 
| 414|0x0000000099e00000, 0x0000000099e00000, 0x0000000099f00000|  0%| F|  |TAMS 0x0000000099e00000, 0x0000000099e00000| Untracked 
| 415|0x0000000099f00000, 0x0000000099f00000, 0x000000009a000000|  0%| F|  |TAMS 0x0000000099f00000, 0x0000000099f00000| Untracked 
| 416|0x000000009a000000, 0x000000009a000000, 0x000000009a100000|  0%| F|  |TAMS 0x000000009a000000, 0x000000009a000000| Untracked 
| 417|0x000000009a100000, 0x000000009a100000, 0x000000009a200000|  0%| F|  |TAMS 0x000000009a100000, 0x000000009a100000| Untracked 
| 418|0x000000009a200000, 0x000000009a200000, 0x000000009a300000|  0%| F|  |TAMS 0x000000009a200000, 0x000000009a200000| Untracked 
| 419|0x000000009a300000, 0x000000009a300000, 0x000000009a400000|  0%| F|  |TAMS 0x000000009a300000, 0x000000009a300000| Untracked 
| 420|0x000000009a400000, 0x000000009a400000, 0x000000009a500000|  0%| F|  |TAMS 0x000000009a400000, 0x000000009a400000| Untracked 
| 421|0x000000009a500000, 0x000000009a500000, 0x000000009a600000|  0%| F|  |TAMS 0x000000009a500000, 0x000000009a500000| Untracked 
| 422|0x000000009a600000, 0x000000009a600000, 0x000000009a700000|  0%| F|  |TAMS 0x000000009a600000, 0x000000009a600000| Untracked 
| 423|0x000000009a700000, 0x000000009a700000, 0x000000009a800000|  0%| F|  |TAMS 0x000000009a700000, 0x000000009a700000| Untracked 
| 424|0x000000009a800000, 0x000000009a800000, 0x000000009a900000|  0%| F|  |TAMS 0x000000009a800000, 0x000000009a800000| Untracked 
| 425|0x000000009a900000, 0x000000009a900000, 0x000000009aa00000|  0%| F|  |TAMS 0x000000009a900000, 0x000000009a900000| Untracked 
| 426|0x000000009aa00000, 0x000000009aa00000, 0x000000009ab00000|  0%| F|  |TAMS 0x000000009aa00000, 0x000000009aa00000| Untracked 
| 427|0x000000009ab00000, 0x000000009ab00000, 0x000000009ac00000|  0%| F|  |TAMS 0x000000009ab00000, 0x000000009ab00000| Untracked 
| 428|0x000000009ac00000, 0x000000009ac00000, 0x000000009ad00000|  0%| F|  |TAMS 0x000000009ac00000, 0x000000009ac00000| Untracked 
| 429|0x000000009ad00000, 0x000000009ad00000, 0x000000009ae00000|  0%| F|  |TAMS 0x000000009ad00000, 0x000000009ad00000| Untracked 
| 430|0x000000009ae00000, 0x000000009ae00000, 0x000000009af00000|  0%| F|  |TAMS 0x000000009ae00000, 0x000000009ae00000| Untracked 
| 431|0x000000009af00000, 0x000000009af00000, 0x000000009b000000|  0%| F|  |TAMS 0x000000009af00000, 0x000000009af00000| Untracked 
| 432|0x000000009b000000, 0x000000009b000000, 0x000000009b100000|  0%| F|  |TAMS 0x000000009b000000, 0x000000009b000000| Untracked 
| 433|0x000000009b100000, 0x000000009b100000, 0x000000009b200000|  0%| F|  |TAMS 0x000000009b100000, 0x000000009b100000| Untracked 
| 434|0x000000009b200000, 0x000000009b200000, 0x000000009b300000|  0%| F|  |TAMS 0x000000009b200000, 0x000000009b200000| Untracked 
| 435|0x000000009b300000, 0x000000009b300000, 0x000000009b400000|  0%| F|  |TAMS 0x000000009b300000, 0x000000009b300000| Untracked 
| 436|0x000000009b400000, 0x000000009b400000, 0x000000009b500000|  0%| F|  |TAMS 0x000000009b400000, 0x000000009b400000| Untracked 
| 437|0x000000009b500000, 0x000000009b500000, 0x000000009b600000|  0%| F|  |TAMS 0x000000009b500000, 0x000000009b500000| Untracked 
| 438|0x000000009b600000, 0x000000009b600000, 0x000000009b700000|  0%| F|  |TAMS 0x000000009b600000, 0x000000009b600000| Untracked 
| 439|0x000000009b700000, 0x000000009b700000, 0x000000009b800000|  0%| F|  |TAMS 0x000000009b700000, 0x000000009b700000| Untracked 
| 440|0x000000009b800000, 0x000000009b800000, 0x000000009b900000|  0%| F|  |TAMS 0x000000009b800000, 0x000000009b800000| Untracked 
| 441|0x000000009b900000, 0x000000009b900000, 0x000000009ba00000|  0%| F|  |TAMS 0x000000009b900000, 0x000000009b900000| Untracked 
| 442|0x000000009ba00000, 0x000000009ba00000, 0x000000009bb00000|  0%| F|  |TAMS 0x000000009ba00000, 0x000000009ba00000| Untracked 
| 443|0x000000009bb00000, 0x000000009bb00000, 0x000000009bc00000|  0%| F|  |TAMS 0x000000009bb00000, 0x000000009bb00000| Untracked 
| 444|0x000000009bc00000, 0x000000009bc00000, 0x000000009bd00000|  0%| F|  |TAMS 0x000000009bc00000, 0x000000009bc00000| Untracked 
| 445|0x000000009bd00000, 0x000000009bd00000, 0x000000009be00000|  0%| F|  |TAMS 0x000000009bd00000, 0x000000009bd00000| Untracked 
| 446|0x000000009be00000, 0x000000009be00000, 0x000000009bf00000|  0%| F|  |TAMS 0x000000009be00000, 0x000000009be00000| Untracked 
| 447|0x000000009bf00000, 0x000000009bf00000, 0x000000009c000000|  0%| F|  |TAMS 0x000000009bf00000, 0x000000009bf00000| Untracked 
| 448|0x000000009c000000, 0x000000009c000000, 0x000000009c100000|  0%| F|  |TAMS 0x000000009c000000, 0x000000009c000000| Untracked 
| 449|0x000000009c100000, 0x000000009c100000, 0x000000009c200000|  0%| F|  |TAMS 0x000000009c100000, 0x000000009c100000| Untracked 
| 450|0x000000009c200000, 0x000000009c200000, 0x000000009c300000|  0%| F|  |TAMS 0x000000009c200000, 0x000000009c200000| Untracked 
| 451|0x000000009c300000, 0x000000009c300000, 0x000000009c400000|  0%| F|  |TAMS 0x000000009c300000, 0x000000009c300000| Untracked 
| 452|0x000000009c400000, 0x000000009c400000, 0x000000009c500000|  0%| F|  |TAMS 0x000000009c400000, 0x000000009c400000| Untracked 
| 453|0x000000009c500000, 0x000000009c500000, 0x000000009c600000|  0%| F|  |TAMS 0x000000009c500000, 0x000000009c500000| Untracked 
| 454|0x000000009c600000, 0x000000009c600000, 0x000000009c700000|  0%| F|  |TAMS 0x000000009c600000, 0x000000009c600000| Untracked 
| 455|0x000000009c700000, 0x000000009c700000, 0x000000009c800000|  0%| F|  |TAMS 0x000000009c700000, 0x000000009c700000| Untracked 
| 456|0x000000009c800000, 0x000000009c800000, 0x000000009c900000|  0%| F|  |TAMS 0x000000009c800000, 0x000000009c800000| Untracked 
| 457|0x000000009c900000, 0x000000009c900000, 0x000000009ca00000|  0%| F|  |TAMS 0x000000009c900000, 0x000000009c900000| Untracked 
| 458|0x000000009ca00000, 0x000000009ca00000, 0x000000009cb00000|  0%| F|  |TAMS 0x000000009ca00000, 0x000000009ca00000| Untracked 
| 459|0x000000009cb00000, 0x000000009cb00000, 0x000000009cc00000|  0%| F|  |TAMS 0x000000009cb00000, 0x000000009cb00000| Untracked 
| 460|0x000000009cc00000, 0x000000009cc00000, 0x000000009cd00000|  0%| F|  |TAMS 0x000000009cc00000, 0x000000009cc00000| Untracked 
| 461|0x000000009cd00000, 0x000000009cd00000, 0x000000009ce00000|  0%| F|  |TAMS 0x000000009cd00000, 0x000000009cd00000| Untracked 
| 462|0x000000009ce00000, 0x000000009ce00000, 0x000000009cf00000|  0%| F|  |TAMS 0x000000009ce00000, 0x000000009ce00000| Untracked 
| 463|0x000000009cf00000, 0x000000009cf00000, 0x000000009d000000|  0%| F|  |TAMS 0x000000009cf00000, 0x000000009cf00000| Untracked 
| 464|0x000000009d000000, 0x000000009d000000, 0x000000009d100000|  0%| F|  |TAMS 0x000000009d000000, 0x000000009d000000| Untracked 
| 465|0x000000009d100000, 0x000000009d100000, 0x000000009d200000|  0%| F|  |TAMS 0x000000009d100000, 0x000000009d100000| Untracked 
| 466|0x000000009d200000, 0x000000009d200000, 0x000000009d300000|  0%| F|  |TAMS 0x000000009d200000, 0x000000009d200000| Untracked 
| 467|0x000000009d300000, 0x000000009d300000, 0x000000009d400000|  0%| F|  |TAMS 0x000000009d300000, 0x000000009d300000| Untracked 
| 468|0x000000009d400000, 0x000000009d400000, 0x000000009d500000|  0%| F|  |TAMS 0x000000009d400000, 0x000000009d400000| Untracked 
| 469|0x000000009d500000, 0x000000009d500000, 0x000000009d600000|  0%| F|  |TAMS 0x000000009d500000, 0x000000009d500000| Untracked 
| 470|0x000000009d600000, 0x000000009d600000, 0x000000009d700000|  0%| F|  |TAMS 0x000000009d600000, 0x000000009d600000| Untracked 
| 471|0x000000009d700000, 0x000000009d700000, 0x000000009d800000|  0%| F|  |TAMS 0x000000009d700000, 0x000000009d700000| Untracked 
| 472|0x000000009d800000, 0x000000009d800000, 0x000000009d900000|  0%| F|  |TAMS 0x000000009d800000, 0x000000009d800000| Untracked 
| 473|0x000000009d900000, 0x000000009d900000, 0x000000009da00000|  0%| F|  |TAMS 0x000000009d900000, 0x000000009d900000| Untracked 
| 474|0x000000009da00000, 0x000000009da00000, 0x000000009db00000|  0%| F|  |TAMS 0x000000009da00000, 0x000000009da00000| Untracked 
| 475|0x000000009db00000, 0x000000009db00000, 0x000000009dc00000|  0%| F|  |TAMS 0x000000009db00000, 0x000000009db00000| Untracked 
| 476|0x000000009dc00000, 0x000000009dc00000, 0x000000009dd00000|  0%| F|  |TAMS 0x000000009dc00000, 0x000000009dc00000| Untracked 
| 477|0x000000009dd00000, 0x000000009dd00000, 0x000000009de00000|  0%| F|  |TAMS 0x000000009dd00000, 0x000000009dd00000| Untracked 
| 478|0x000000009de00000, 0x000000009de00000, 0x000000009df00000|  0%| F|  |TAMS 0x000000009de00000, 0x000000009de00000| Untracked 
| 479|0x000000009df00000, 0x000000009df00000, 0x000000009e000000|  0%| F|  |TAMS 0x000000009df00000, 0x000000009df00000| Untracked 
| 480|0x000000009e000000, 0x000000009e000000, 0x000000009e100000|  0%| F|  |TAMS 0x000000009e000000, 0x000000009e000000| Untracked 
| 481|0x000000009e100000, 0x000000009e100000, 0x000000009e200000|  0%| F|  |TAMS 0x000000009e100000, 0x000000009e100000| Untracked 
| 482|0x000000009e200000, 0x000000009e200000, 0x000000009e300000|  0%| F|  |TAMS 0x000000009e200000, 0x000000009e200000| Untracked 
| 483|0x000000009e300000, 0x000000009e300000, 0x000000009e400000|  0%| F|  |TAMS 0x000000009e300000, 0x000000009e300000| Untracked 
| 484|0x000000009e400000, 0x000000009e400000, 0x000000009e500000|  0%| F|  |TAMS 0x000000009e400000, 0x000000009e400000| Untracked 
| 485|0x000000009e500000, 0x000000009e500000, 0x000000009e600000|  0%| F|  |TAMS 0x000000009e500000, 0x000000009e500000| Untracked 
| 486|0x000000009e600000, 0x000000009e600000, 0x000000009e700000|  0%| F|  |TAMS 0x000000009e600000, 0x000000009e600000| Untracked 
| 487|0x000000009e700000, 0x000000009e700000, 0x000000009e800000|  0%| F|  |TAMS 0x000000009e700000, 0x000000009e700000| Untracked 
| 488|0x000000009e800000, 0x000000009e800000, 0x000000009e900000|  0%| F|  |TAMS 0x000000009e800000, 0x000000009e800000| Untracked 
| 489|0x000000009e900000, 0x000000009e900000, 0x000000009ea00000|  0%| F|  |TAMS 0x000000009e900000, 0x000000009e900000| Untracked 
| 490|0x000000009ea00000, 0x000000009ea00000, 0x000000009eb00000|  0%| F|  |TAMS 0x000000009ea00000, 0x000000009ea00000| Untracked 
| 491|0x000000009eb00000, 0x000000009eb00000, 0x000000009ec00000|  0%| F|  |TAMS 0x000000009eb00000, 0x000000009eb00000| Untracked 
| 492|0x000000009ec00000, 0x000000009ec00000, 0x000000009ed00000|  0%| F|  |TAMS 0x000000009ec00000, 0x000000009ec00000| Untracked 
| 493|0x000000009ed00000, 0x000000009ed00000, 0x000000009ee00000|  0%| F|  |TAMS 0x000000009ed00000, 0x000000009ed00000| Untracked 
| 494|0x000000009ee00000, 0x000000009ee00000, 0x000000009ef00000|  0%| F|  |TAMS 0x000000009ee00000, 0x000000009ee00000| Untracked 
| 495|0x000000009ef00000, 0x000000009ef00000, 0x000000009f000000|  0%| F|  |TAMS 0x000000009ef00000, 0x000000009ef00000| Untracked 
| 496|0x000000009f000000, 0x000000009f000000, 0x000000009f100000|  0%| F|  |TAMS 0x000000009f000000, 0x000000009f000000| Untracked 
| 497|0x000000009f100000, 0x000000009f100000, 0x000000009f200000|  0%| F|  |TAMS 0x000000009f100000, 0x000000009f100000| Untracked 
| 498|0x000000009f200000, 0x000000009f200000, 0x000000009f300000|  0%| F|  |TAMS 0x000000009f200000, 0x000000009f200000| Untracked 
| 499|0x000000009f300000, 0x000000009f300000, 0x000000009f400000|  0%| F|  |TAMS 0x000000009f300000, 0x000000009f300000| Untracked 
| 500|0x000000009f400000, 0x000000009f400000, 0x000000009f500000|  0%| F|  |TAMS 0x000000009f400000, 0x000000009f400000| Untracked 
| 501|0x000000009f500000, 0x000000009f500000, 0x000000009f600000|  0%| F|  |TAMS 0x000000009f500000, 0x000000009f500000| Untracked 
| 502|0x000000009f600000, 0x000000009f600000, 0x000000009f700000|  0%| F|  |TAMS 0x000000009f600000, 0x000000009f600000| Untracked 
| 503|0x000000009f700000, 0x000000009f700000, 0x000000009f800000|  0%| F|  |TAMS 0x000000009f700000, 0x000000009f700000| Untracked 
| 504|0x000000009f800000, 0x000000009f800000, 0x000000009f900000|  0%| F|  |TAMS 0x000000009f800000, 0x000000009f800000| Untracked 
| 505|0x000000009f900000, 0x000000009f900000, 0x000000009fa00000|  0%| F|  |TAMS 0x000000009f900000, 0x000000009f900000| Untracked 
| 506|0x000000009fa00000, 0x000000009fa00000, 0x000000009fb00000|  0%| F|  |TAMS 0x000000009fa00000, 0x000000009fa00000| Untracked 
| 507|0x000000009fb00000, 0x000000009fb00000, 0x000000009fc00000|  0%| F|  |TAMS 0x000000009fb00000, 0x000000009fb00000| Untracked 
| 508|0x000000009fc00000, 0x000000009fc00000, 0x000000009fd00000|  0%| F|  |TAMS 0x000000009fc00000, 0x000000009fc00000| Untracked 
| 509|0x000000009fd00000, 0x000000009fd00000, 0x000000009fe00000|  0%| F|  |TAMS 0x000000009fd00000, 0x000000009fd00000| Untracked 
| 510|0x000000009fe00000, 0x000000009fe00000, 0x000000009ff00000|  0%| F|  |TAMS 0x000000009fe00000, 0x000000009fe00000| Untracked 
| 511|0x000000009ff00000, 0x000000009ff00000, 0x00000000a0000000|  0%| F|  |TAMS 0x000000009ff00000, 0x000000009ff00000| Untracked 
| 512|0x00000000a0000000, 0x00000000a0000000, 0x00000000a0100000|  0%| F|  |TAMS 0x00000000a0000000, 0x00000000a0000000| Untracked 
| 513|0x00000000a0100000, 0x00000000a0100000, 0x00000000a0200000|  0%| F|  |TAMS 0x00000000a0100000, 0x00000000a0100000| Untracked 
| 514|0x00000000a0200000, 0x00000000a0200000, 0x00000000a0300000|  0%| F|  |TAMS 0x00000000a0200000, 0x00000000a0200000| Untracked 
| 515|0x00000000a0300000, 0x00000000a0300000, 0x00000000a0400000|  0%| F|  |TAMS 0x00000000a0300000, 0x00000000a0300000| Untracked 
| 516|0x00000000a0400000, 0x00000000a0400000, 0x00000000a0500000|  0%| F|  |TAMS 0x00000000a0400000, 0x00000000a0400000| Untracked 
| 517|0x00000000a0500000, 0x00000000a0500000, 0x00000000a0600000|  0%| F|  |TAMS 0x00000000a0500000, 0x00000000a0500000| Untracked 
| 518|0x00000000a0600000, 0x00000000a0600000, 0x00000000a0700000|  0%| F|  |TAMS 0x00000000a0600000, 0x00000000a0600000| Untracked 
| 519|0x00000000a0700000, 0x00000000a0700000, 0x00000000a0800000|  0%| F|  |TAMS 0x00000000a0700000, 0x00000000a0700000| Untracked 
| 520|0x00000000a0800000, 0x00000000a0800000, 0x00000000a0900000|  0%| F|  |TAMS 0x00000000a0800000, 0x00000000a0800000| Untracked 
| 521|0x00000000a0900000, 0x00000000a0900000, 0x00000000a0a00000|  0%| F|  |TAMS 0x00000000a0900000, 0x00000000a0900000| Untracked 
| 522|0x00000000a0a00000, 0x00000000a0a00000, 0x00000000a0b00000|  0%| F|  |TAMS 0x00000000a0a00000, 0x00000000a0a00000| Untracked 
| 523|0x00000000a0b00000, 0x00000000a0b00000, 0x00000000a0c00000|  0%| F|  |TAMS 0x00000000a0b00000, 0x00000000a0b00000| Untracked 
| 524|0x00000000a0c00000, 0x00000000a0c00000, 0x00000000a0d00000|  0%| F|  |TAMS 0x00000000a0c00000, 0x00000000a0c00000| Untracked 
| 525|0x00000000a0d00000, 0x00000000a0d00000, 0x00000000a0e00000|  0%| F|  |TAMS 0x00000000a0d00000, 0x00000000a0d00000| Untracked 
| 526|0x00000000a0e00000, 0x00000000a0e00000, 0x00000000a0f00000|  0%| F|  |TAMS 0x00000000a0e00000, 0x00000000a0e00000| Untracked 
| 527|0x00000000a0f00000, 0x00000000a0f00000, 0x00000000a1000000|  0%| F|  |TAMS 0x00000000a0f00000, 0x00000000a0f00000| Untracked 
| 528|0x00000000a1000000, 0x00000000a1000000, 0x00000000a1100000|  0%| F|  |TAMS 0x00000000a1000000, 0x00000000a1000000| Untracked 
| 529|0x00000000a1100000, 0x00000000a1100000, 0x00000000a1200000|  0%| F|  |TAMS 0x00000000a1100000, 0x00000000a1100000| Untracked 
| 530|0x00000000a1200000, 0x00000000a1200000, 0x00000000a1300000|  0%| F|  |TAMS 0x00000000a1200000, 0x00000000a1200000| Untracked 
| 531|0x00000000a1300000, 0x00000000a1300000, 0x00000000a1400000|  0%| F|  |TAMS 0x00000000a1300000, 0x00000000a1300000| Untracked 
| 532|0x00000000a1400000, 0x00000000a1400000, 0x00000000a1500000|  0%| F|  |TAMS 0x00000000a1400000, 0x00000000a1400000| Untracked 
| 533|0x00000000a1500000, 0x00000000a1500000, 0x00000000a1600000|  0%| F|  |TAMS 0x00000000a1500000, 0x00000000a1500000| Untracked 
| 534|0x00000000a1600000, 0x00000000a1600000, 0x00000000a1700000|  0%| F|  |TAMS 0x00000000a1600000, 0x00000000a1600000| Untracked 
| 535|0x00000000a1700000, 0x00000000a1700000, 0x00000000a1800000|  0%| F|  |TAMS 0x00000000a1700000, 0x00000000a1700000| Untracked 
| 536|0x00000000a1800000, 0x00000000a1800000, 0x00000000a1900000|  0%| F|  |TAMS 0x00000000a1800000, 0x00000000a1800000| Untracked 
| 537|0x00000000a1900000, 0x00000000a1900000, 0x00000000a1a00000|  0%| F|  |TAMS 0x00000000a1900000, 0x00000000a1900000| Untracked 
| 538|0x00000000a1a00000, 0x00000000a1a00000, 0x00000000a1b00000|  0%| F|  |TAMS 0x00000000a1a00000, 0x00000000a1a00000| Untracked 
| 539|0x00000000a1b00000, 0x00000000a1b00000, 0x00000000a1c00000|  0%| F|  |TAMS 0x00000000a1b00000, 0x00000000a1b00000| Untracked 
| 540|0x00000000a1c00000, 0x00000000a1c00000, 0x00000000a1d00000|  0%| F|  |TAMS 0x00000000a1c00000, 0x00000000a1c00000| Untracked 
| 541|0x00000000a1d00000, 0x00000000a1d00000, 0x00000000a1e00000|  0%| F|  |TAMS 0x00000000a1d00000, 0x00000000a1d00000| Untracked 
| 542|0x00000000a1e00000, 0x00000000a1e00000, 0x00000000a1f00000|  0%| F|  |TAMS 0x00000000a1e00000, 0x00000000a1e00000| Untracked 
| 543|0x00000000a1f00000, 0x00000000a1f00000, 0x00000000a2000000|  0%| F|  |TAMS 0x00000000a1f00000, 0x00000000a1f00000| Untracked 
| 544|0x00000000a2000000, 0x00000000a2000000, 0x00000000a2100000|  0%| F|  |TAMS 0x00000000a2000000, 0x00000000a2000000| Untracked 
| 545|0x00000000a2100000, 0x00000000a2100000, 0x00000000a2200000|  0%| F|  |TAMS 0x00000000a2100000, 0x00000000a2100000| Untracked 
| 546|0x00000000a2200000, 0x00000000a2200000, 0x00000000a2300000|  0%| F|  |TAMS 0x00000000a2200000, 0x00000000a2200000| Untracked 
| 547|0x00000000a2300000, 0x00000000a2300000, 0x00000000a2400000|  0%| F|  |TAMS 0x00000000a2300000, 0x00000000a2300000| Untracked 
| 548|0x00000000a2400000, 0x00000000a2400000, 0x00000000a2500000|  0%| F|  |TAMS 0x00000000a2400000, 0x00000000a2400000| Untracked 
| 549|0x00000000a2500000, 0x00000000a2500000, 0x00000000a2600000|  0%| F|  |TAMS 0x00000000a2500000, 0x00000000a2500000| Untracked 
| 550|0x00000000a2600000, 0x00000000a2600000, 0x00000000a2700000|  0%| F|  |TAMS 0x00000000a2600000, 0x00000000a2600000| Untracked 
| 551|0x00000000a2700000, 0x00000000a2700000, 0x00000000a2800000|  0%| F|  |TAMS 0x00000000a2700000, 0x00000000a2700000| Untracked 
| 552|0x00000000a2800000, 0x00000000a2800000, 0x00000000a2900000|  0%| F|  |TAMS 0x00000000a2800000, 0x00000000a2800000| Untracked 
| 553|0x00000000a2900000, 0x00000000a2900000, 0x00000000a2a00000|  0%| F|  |TAMS 0x00000000a2900000, 0x00000000a2900000| Untracked 
| 554|0x00000000a2a00000, 0x00000000a2a00000, 0x00000000a2b00000|  0%| F|  |TAMS 0x00000000a2a00000, 0x00000000a2a00000| Untracked 
| 555|0x00000000a2b00000, 0x00000000a2b00000, 0x00000000a2c00000|  0%| F|  |TAMS 0x00000000a2b00000, 0x00000000a2b00000| Untracked 
| 556|0x00000000a2c00000, 0x00000000a2c00000, 0x00000000a2d00000|  0%| F|  |TAMS 0x00000000a2c00000, 0x00000000a2c00000| Untracked 
| 557|0x00000000a2d00000, 0x00000000a2d00000, 0x00000000a2e00000|  0%| F|  |TAMS 0x00000000a2d00000, 0x00000000a2d00000| Untracked 
| 558|0x00000000a2e00000, 0x00000000a2e00000, 0x00000000a2f00000|  0%| F|  |TAMS 0x00000000a2e00000, 0x00000000a2e00000| Untracked 
| 559|0x00000000a2f00000, 0x00000000a2f00000, 0x00000000a3000000|  0%| F|  |TAMS 0x00000000a2f00000, 0x00000000a2f00000| Untracked 
| 560|0x00000000a3000000, 0x00000000a3000000, 0x00000000a3100000|  0%| F|  |TAMS 0x00000000a3000000, 0x00000000a3000000| Untracked 
| 561|0x00000000a3100000, 0x00000000a3100000, 0x00000000a3200000|  0%| F|  |TAMS 0x00000000a3100000, 0x00000000a3100000| Untracked 
| 562|0x00000000a3200000, 0x00000000a3200000, 0x00000000a3300000|  0%| F|  |TAMS 0x00000000a3200000, 0x00000000a3200000| Untracked 
| 563|0x00000000a3300000, 0x00000000a3300000, 0x00000000a3400000|  0%| F|  |TAMS 0x00000000a3300000, 0x00000000a3300000| Untracked 
| 564|0x00000000a3400000, 0x00000000a3400000, 0x00000000a3500000|  0%| F|  |TAMS 0x00000000a3400000, 0x00000000a3400000| Untracked 
| 565|0x00000000a3500000, 0x00000000a3500000, 0x00000000a3600000|  0%| F|  |TAMS 0x00000000a3500000, 0x00000000a3500000| Untracked 
| 566|0x00000000a3600000, 0x00000000a3600000, 0x00000000a3700000|  0%| F|  |TAMS 0x00000000a3600000, 0x00000000a3600000| Untracked 
| 567|0x00000000a3700000, 0x00000000a3700000, 0x00000000a3800000|  0%| F|  |TAMS 0x00000000a3700000, 0x00000000a3700000| Untracked 
| 568|0x00000000a3800000, 0x00000000a3800000, 0x00000000a3900000|  0%| F|  |TAMS 0x00000000a3800000, 0x00000000a3800000| Untracked 
| 569|0x00000000a3900000, 0x00000000a3900000, 0x00000000a3a00000|  0%| F|  |TAMS 0x00000000a3900000, 0x00000000a3900000| Untracked 
| 570|0x00000000a3a00000, 0x00000000a3a00000, 0x00000000a3b00000|  0%| F|  |TAMS 0x00000000a3a00000, 0x00000000a3a00000| Untracked 
| 571|0x00000000a3b00000, 0x00000000a3b00000, 0x00000000a3c00000|  0%| F|  |TAMS 0x00000000a3b00000, 0x00000000a3b00000| Untracked 
| 572|0x00000000a3c00000, 0x00000000a3c00000, 0x00000000a3d00000|  0%| F|  |TAMS 0x00000000a3c00000, 0x00000000a3c00000| Untracked 
| 573|0x00000000a3d00000, 0x00000000a3d00000, 0x00000000a3e00000|  0%| F|  |TAMS 0x00000000a3d00000, 0x00000000a3d00000| Untracked 
| 574|0x00000000a3e00000, 0x00000000a3e00000, 0x00000000a3f00000|  0%| F|  |TAMS 0x00000000a3e00000, 0x00000000a3e00000| Untracked 
| 575|0x00000000a3f00000, 0x00000000a3f00000, 0x00000000a4000000|  0%| F|  |TAMS 0x00000000a3f00000, 0x00000000a3f00000| Untracked 
| 576|0x00000000a4000000, 0x00000000a4000000, 0x00000000a4100000|  0%| F|  |TAMS 0x00000000a4000000, 0x00000000a4000000| Untracked 
| 577|0x00000000a4100000, 0x00000000a4100000, 0x00000000a4200000|  0%| F|  |TAMS 0x00000000a4100000, 0x00000000a4100000| Untracked 
| 578|0x00000000a4200000, 0x00000000a4200000, 0x00000000a4300000|  0%| F|  |TAMS 0x00000000a4200000, 0x00000000a4200000| Untracked 
| 579|0x00000000a4300000, 0x00000000a4300000, 0x00000000a4400000|  0%| F|  |TAMS 0x00000000a4300000, 0x00000000a4300000| Untracked 
| 580|0x00000000a4400000, 0x00000000a4400000, 0x00000000a4500000|  0%| F|  |TAMS 0x00000000a4400000, 0x00000000a4400000| Untracked 
| 581|0x00000000a4500000, 0x00000000a4500000, 0x00000000a4600000|  0%| F|  |TAMS 0x00000000a4500000, 0x00000000a4500000| Untracked 
| 582|0x00000000a4600000, 0x00000000a4600000, 0x00000000a4700000|  0%| F|  |TAMS 0x00000000a4600000, 0x00000000a4600000| Untracked 
| 583|0x00000000a4700000, 0x00000000a4700000, 0x00000000a4800000|  0%| F|  |TAMS 0x00000000a4700000, 0x00000000a4700000| Untracked 
| 584|0x00000000a4800000, 0x00000000a4800000, 0x00000000a4900000|  0%| F|  |TAMS 0x00000000a4800000, 0x00000000a4800000| Untracked 
| 585|0x00000000a4900000, 0x00000000a4900000, 0x00000000a4a00000|  0%| F|  |TAMS 0x00000000a4900000, 0x00000000a4900000| Untracked 
| 586|0x00000000a4a00000, 0x00000000a4a00000, 0x00000000a4b00000|  0%| F|  |TAMS 0x00000000a4a00000, 0x00000000a4a00000| Untracked 
| 587|0x00000000a4b00000, 0x00000000a4b00000, 0x00000000a4c00000|  0%| F|  |TAMS 0x00000000a4b00000, 0x00000000a4b00000| Untracked 
| 588|0x00000000a4c00000, 0x00000000a4c00000, 0x00000000a4d00000|  0%| F|  |TAMS 0x00000000a4c00000, 0x00000000a4c00000| Untracked 
| 589|0x00000000a4d00000, 0x00000000a4d00000, 0x00000000a4e00000|  0%| F|  |TAMS 0x00000000a4d00000, 0x00000000a4d00000| Untracked 
| 590|0x00000000a4e00000, 0x00000000a4e00000, 0x00000000a4f00000|  0%| F|  |TAMS 0x00000000a4e00000, 0x00000000a4e00000| Untracked 
| 591|0x00000000a4f00000, 0x00000000a4f00000, 0x00000000a5000000|  0%| F|  |TAMS 0x00000000a4f00000, 0x00000000a4f00000| Untracked 
| 592|0x00000000a5000000, 0x00000000a5000000, 0x00000000a5100000|  0%| F|  |TAMS 0x00000000a5000000, 0x00000000a5000000| Untracked 
| 593|0x00000000a5100000, 0x00000000a5100000, 0x00000000a5200000|  0%| F|  |TAMS 0x00000000a5100000, 0x00000000a5100000| Untracked 
| 594|0x00000000a5200000, 0x00000000a5200000, 0x00000000a5300000|  0%| F|  |TAMS 0x00000000a5200000, 0x00000000a5200000| Untracked 
| 595|0x00000000a5300000, 0x00000000a5300000, 0x00000000a5400000|  0%| F|  |TAMS 0x00000000a5300000, 0x00000000a5300000| Untracked 
| 596|0x00000000a5400000, 0x00000000a5400000, 0x00000000a5500000|  0%| F|  |TAMS 0x00000000a5400000, 0x00000000a5400000| Untracked 
| 597|0x00000000a5500000, 0x00000000a5500000, 0x00000000a5600000|  0%| F|  |TAMS 0x00000000a5500000, 0x00000000a5500000| Untracked 
| 598|0x00000000a5600000, 0x00000000a5600000, 0x00000000a5700000|  0%| F|  |TAMS 0x00000000a5600000, 0x00000000a5600000| Untracked 
| 599|0x00000000a5700000, 0x00000000a5700000, 0x00000000a5800000|  0%| F|  |TAMS 0x00000000a5700000, 0x00000000a5700000| Untracked 
| 600|0x00000000a5800000, 0x00000000a5800000, 0x00000000a5900000|  0%| F|  |TAMS 0x00000000a5800000, 0x00000000a5800000| Untracked 
| 601|0x00000000a5900000, 0x00000000a5900000, 0x00000000a5a00000|  0%| F|  |TAMS 0x00000000a5900000, 0x00000000a5900000| Untracked 
| 602|0x00000000a5a00000, 0x00000000a5a00000, 0x00000000a5b00000|  0%| F|  |TAMS 0x00000000a5a00000, 0x00000000a5a00000| Untracked 
| 603|0x00000000a5b00000, 0x00000000a5b00000, 0x00000000a5c00000|  0%| F|  |TAMS 0x00000000a5b00000, 0x00000000a5b00000| Untracked 
| 604|0x00000000a5c00000, 0x00000000a5c00000, 0x00000000a5d00000|  0%| F|  |TAMS 0x00000000a5c00000, 0x00000000a5c00000| Untracked 
| 605|0x00000000a5d00000, 0x00000000a5d00000, 0x00000000a5e00000|  0%| F|  |TAMS 0x00000000a5d00000, 0x00000000a5d00000| Untracked 
| 606|0x00000000a5e00000, 0x00000000a5e00000, 0x00000000a5f00000|  0%| F|  |TAMS 0x00000000a5e00000, 0x00000000a5e00000| Untracked 
| 607|0x00000000a5f00000, 0x00000000a5f00000, 0x00000000a6000000|  0%| F|  |TAMS 0x00000000a5f00000, 0x00000000a5f00000| Untracked 
| 608|0x00000000a6000000, 0x00000000a6000000, 0x00000000a6100000|  0%| F|  |TAMS 0x00000000a6000000, 0x00000000a6000000| Untracked 
| 609|0x00000000a6100000, 0x00000000a6100000, 0x00000000a6200000|  0%| F|  |TAMS 0x00000000a6100000, 0x00000000a6100000| Untracked 
| 610|0x00000000a6200000, 0x00000000a6200000, 0x00000000a6300000|  0%| F|  |TAMS 0x00000000a6200000, 0x00000000a6200000| Untracked 
| 611|0x00000000a6300000, 0x00000000a6300000, 0x00000000a6400000|  0%| F|  |TAMS 0x00000000a6300000, 0x00000000a6300000| Untracked 
| 612|0x00000000a6400000, 0x00000000a6400000, 0x00000000a6500000|  0%| F|  |TAMS 0x00000000a6400000, 0x00000000a6400000| Untracked 
| 613|0x00000000a6500000, 0x00000000a6500000, 0x00000000a6600000|  0%| F|  |TAMS 0x00000000a6500000, 0x00000000a6500000| Untracked 
| 614|0x00000000a6600000, 0x00000000a6600000, 0x00000000a6700000|  0%| F|  |TAMS 0x00000000a6600000, 0x00000000a6600000| Untracked 
| 615|0x00000000a6700000, 0x00000000a6700000, 0x00000000a6800000|  0%| F|  |TAMS 0x00000000a6700000, 0x00000000a6700000| Untracked 
| 616|0x00000000a6800000, 0x00000000a6800000, 0x00000000a6900000|  0%| F|  |TAMS 0x00000000a6800000, 0x00000000a6800000| Untracked 
| 617|0x00000000a6900000, 0x00000000a6900000, 0x00000000a6a00000|  0%| F|  |TAMS 0x00000000a6900000, 0x00000000a6900000| Untracked 
| 618|0x00000000a6a00000, 0x00000000a6a00000, 0x00000000a6b00000|  0%| F|  |TAMS 0x00000000a6a00000, 0x00000000a6a00000| Untracked 
| 619|0x00000000a6b00000, 0x00000000a6b00000, 0x00000000a6c00000|  0%| F|  |TAMS 0x00000000a6b00000, 0x00000000a6b00000| Untracked 
| 620|0x00000000a6c00000, 0x00000000a6c00000, 0x00000000a6d00000|  0%| F|  |TAMS 0x00000000a6c00000, 0x00000000a6c00000| Untracked 
| 621|0x00000000a6d00000, 0x00000000a6d00000, 0x00000000a6e00000|  0%| F|  |TAMS 0x00000000a6d00000, 0x00000000a6d00000| Untracked 
| 622|0x00000000a6e00000, 0x00000000a6e00000, 0x00000000a6f00000|  0%| F|  |TAMS 0x00000000a6e00000, 0x00000000a6e00000| Untracked 
| 623|0x00000000a6f00000, 0x00000000a6f00000, 0x00000000a7000000|  0%| F|  |TAMS 0x00000000a6f00000, 0x00000000a6f00000| Untracked 
| 624|0x00000000a7000000, 0x00000000a7000000, 0x00000000a7100000|  0%| F|  |TAMS 0x00000000a7000000, 0x00000000a7000000| Untracked 
| 625|0x00000000a7100000, 0x00000000a7100000, 0x00000000a7200000|  0%| F|  |TAMS 0x00000000a7100000, 0x00000000a7100000| Untracked 
| 626|0x00000000a7200000, 0x00000000a7200000, 0x00000000a7300000|  0%| F|  |TAMS 0x00000000a7200000, 0x00000000a7200000| Untracked 
| 627|0x00000000a7300000, 0x00000000a7300000, 0x00000000a7400000|  0%| F|  |TAMS 0x00000000a7300000, 0x00000000a7300000| Untracked 
| 628|0x00000000a7400000, 0x00000000a7400000, 0x00000000a7500000|  0%| F|  |TAMS 0x00000000a7400000, 0x00000000a7400000| Untracked 
| 629|0x00000000a7500000, 0x00000000a7500000, 0x00000000a7600000|  0%| F|  |TAMS 0x00000000a7500000, 0x00000000a7500000| Untracked 
| 630|0x00000000a7600000, 0x00000000a7600000, 0x00000000a7700000|  0%| F|  |TAMS 0x00000000a7600000, 0x00000000a7600000| Untracked 
| 631|0x00000000a7700000, 0x00000000a7700000, 0x00000000a7800000|  0%| F|  |TAMS 0x00000000a7700000, 0x00000000a7700000| Untracked 
| 632|0x00000000a7800000, 0x00000000a7800000, 0x00000000a7900000|  0%| F|  |TAMS 0x00000000a7800000, 0x00000000a7800000| Untracked 
| 633|0x00000000a7900000, 0x00000000a7900000, 0x00000000a7a00000|  0%| F|  |TAMS 0x00000000a7900000, 0x00000000a7900000| Untracked 
| 634|0x00000000a7a00000, 0x00000000a7a00000, 0x00000000a7b00000|  0%| F|  |TAMS 0x00000000a7a00000, 0x00000000a7a00000| Untracked 
| 635|0x00000000a7b00000, 0x00000000a7b00000, 0x00000000a7c00000|  0%| F|  |TAMS 0x00000000a7b00000, 0x00000000a7b00000| Untracked 
| 636|0x00000000a7c00000, 0x00000000a7c00000, 0x00000000a7d00000|  0%| F|  |TAMS 0x00000000a7c00000, 0x00000000a7c00000| Untracked 
| 637|0x00000000a7d00000, 0x00000000a7d00000, 0x00000000a7e00000|  0%| F|  |TAMS 0x00000000a7d00000, 0x00000000a7d00000| Untracked 
| 638|0x00000000a7e00000, 0x00000000a7e00000, 0x00000000a7f00000|  0%| F|  |TAMS 0x00000000a7e00000, 0x00000000a7e00000| Untracked 
| 639|0x00000000a7f00000, 0x00000000a7f00000, 0x00000000a8000000|  0%| F|  |TAMS 0x00000000a7f00000, 0x00000000a7f00000| Untracked 
| 640|0x00000000a8000000, 0x00000000a8000000, 0x00000000a8100000|  0%| F|  |TAMS 0x00000000a8000000, 0x00000000a8000000| Untracked 
| 641|0x00000000a8100000, 0x00000000a8100000, 0x00000000a8200000|  0%| F|  |TAMS 0x00000000a8100000, 0x00000000a8100000| Untracked 
| 642|0x00000000a8200000, 0x00000000a8200000, 0x00000000a8300000|  0%| F|  |TAMS 0x00000000a8200000, 0x00000000a8200000| Untracked 
| 643|0x00000000a8300000, 0x00000000a8300000, 0x00000000a8400000|  0%| F|  |TAMS 0x00000000a8300000, 0x00000000a8300000| Untracked 
| 644|0x00000000a8400000, 0x00000000a8400000, 0x00000000a8500000|  0%| F|  |TAMS 0x00000000a8400000, 0x00000000a8400000| Untracked 
| 645|0x00000000a8500000, 0x00000000a8500000, 0x00000000a8600000|  0%| F|  |TAMS 0x00000000a8500000, 0x00000000a8500000| Untracked 
| 646|0x00000000a8600000, 0x00000000a8600000, 0x00000000a8700000|  0%| F|  |TAMS 0x00000000a8600000, 0x00000000a8600000| Untracked 
| 647|0x00000000a8700000, 0x00000000a8700000, 0x00000000a8800000|  0%| F|  |TAMS 0x00000000a8700000, 0x00000000a8700000| Untracked 
| 648|0x00000000a8800000, 0x00000000a8800000, 0x00000000a8900000|  0%| F|  |TAMS 0x00000000a8800000, 0x00000000a8800000| Untracked 
| 649|0x00000000a8900000, 0x00000000a8900000, 0x00000000a8a00000|  0%| F|  |TAMS 0x00000000a8900000, 0x00000000a8900000| Untracked 
| 650|0x00000000a8a00000, 0x00000000a8a00000, 0x00000000a8b00000|  0%| F|  |TAMS 0x00000000a8a00000, 0x00000000a8a00000| Untracked 
| 651|0x00000000a8b00000, 0x00000000a8b00000, 0x00000000a8c00000|  0%| F|  |TAMS 0x00000000a8b00000, 0x00000000a8b00000| Untracked 
| 652|0x00000000a8c00000, 0x00000000a8c00000, 0x00000000a8d00000|  0%| F|  |TAMS 0x00000000a8c00000, 0x00000000a8c00000| Untracked 
| 653|0x00000000a8d00000, 0x00000000a8d00000, 0x00000000a8e00000|  0%| F|  |TAMS 0x00000000a8d00000, 0x00000000a8d00000| Untracked 
| 654|0x00000000a8e00000, 0x00000000a8e00000, 0x00000000a8f00000|  0%| F|  |TAMS 0x00000000a8e00000, 0x00000000a8e00000| Untracked 
| 655|0x00000000a8f00000, 0x00000000a8f00000, 0x00000000a9000000|  0%| F|  |TAMS 0x00000000a8f00000, 0x00000000a8f00000| Untracked 
| 656|0x00000000a9000000, 0x00000000a9000000, 0x00000000a9100000|  0%| F|  |TAMS 0x00000000a9000000, 0x00000000a9000000| Untracked 
| 657|0x00000000a9100000, 0x00000000a9100000, 0x00000000a9200000|  0%| F|  |TAMS 0x00000000a9100000, 0x00000000a9100000| Untracked 
| 658|0x00000000a9200000, 0x00000000a9200000, 0x00000000a9300000|  0%| F|  |TAMS 0x00000000a9200000, 0x00000000a9200000| Untracked 
| 659|0x00000000a9300000, 0x00000000a9300000, 0x00000000a9400000|  0%| F|  |TAMS 0x00000000a9300000, 0x00000000a9300000| Untracked 
| 660|0x00000000a9400000, 0x00000000a9400000, 0x00000000a9500000|  0%| F|  |TAMS 0x00000000a9400000, 0x00000000a9400000| Untracked 
| 661|0x00000000a9500000, 0x00000000a9500000, 0x00000000a9600000|  0%| F|  |TAMS 0x00000000a9500000, 0x00000000a9500000| Untracked 
| 662|0x00000000a9600000, 0x00000000a9600000, 0x00000000a9700000|  0%| F|  |TAMS 0x00000000a9600000, 0x00000000a9600000| Untracked 
| 663|0x00000000a9700000, 0x00000000a9700000, 0x00000000a9800000|  0%| F|  |TAMS 0x00000000a9700000, 0x00000000a9700000| Untracked 
| 664|0x00000000a9800000, 0x00000000a9800000, 0x00000000a9900000|  0%| F|  |TAMS 0x00000000a9800000, 0x00000000a9800000| Untracked 
| 665|0x00000000a9900000, 0x00000000a9900000, 0x00000000a9a00000|  0%| F|  |TAMS 0x00000000a9900000, 0x00000000a9900000| Untracked 
| 666|0x00000000a9a00000, 0x00000000a9a00000, 0x00000000a9b00000|  0%| F|  |TAMS 0x00000000a9a00000, 0x00000000a9a00000| Untracked 
| 667|0x00000000a9b00000, 0x00000000a9b00000, 0x00000000a9c00000|  0%| F|  |TAMS 0x00000000a9b00000, 0x00000000a9b00000| Untracked 
| 668|0x00000000a9c00000, 0x00000000a9c00000, 0x00000000a9d00000|  0%| F|  |TAMS 0x00000000a9c00000, 0x00000000a9c00000| Untracked 
| 669|0x00000000a9d00000, 0x00000000a9d00000, 0x00000000a9e00000|  0%| F|  |TAMS 0x00000000a9d00000, 0x00000000a9d00000| Untracked 
| 670|0x00000000a9e00000, 0x00000000a9e00000, 0x00000000a9f00000|  0%| F|  |TAMS 0x00000000a9e00000, 0x00000000a9e00000| Untracked 
| 671|0x00000000a9f00000, 0x00000000a9f00000, 0x00000000aa000000|  0%| F|  |TAMS 0x00000000a9f00000, 0x00000000a9f00000| Untracked 
| 672|0x00000000aa000000, 0x00000000aa000000, 0x00000000aa100000|  0%| F|  |TAMS 0x00000000aa000000, 0x00000000aa000000| Untracked 
| 673|0x00000000aa100000, 0x00000000aa100000, 0x00000000aa200000|  0%| F|  |TAMS 0x00000000aa100000, 0x00000000aa100000| Untracked 
| 674|0x00000000aa200000, 0x00000000aa200000, 0x00000000aa300000|  0%| F|  |TAMS 0x00000000aa200000, 0x00000000aa200000| Untracked 
| 675|0x00000000aa300000, 0x00000000aa300000, 0x00000000aa400000|  0%| F|  |TAMS 0x00000000aa300000, 0x00000000aa300000| Untracked 
| 676|0x00000000aa400000, 0x00000000aa400000, 0x00000000aa500000|  0%| F|  |TAMS 0x00000000aa400000, 0x00000000aa400000| Untracked 
| 677|0x00000000aa500000, 0x00000000aa500000, 0x00000000aa600000|  0%| F|  |TAMS 0x00000000aa500000, 0x00000000aa500000| Untracked 
| 678|0x00000000aa600000, 0x00000000aa600000, 0x00000000aa700000|  0%| F|  |TAMS 0x00000000aa600000, 0x00000000aa600000| Untracked 
| 679|0x00000000aa700000, 0x00000000aa700000, 0x00000000aa800000|  0%| F|  |TAMS 0x00000000aa700000, 0x00000000aa700000| Untracked 
| 680|0x00000000aa800000, 0x00000000aa800000, 0x00000000aa900000|  0%| F|  |TAMS 0x00000000aa800000, 0x00000000aa800000| Untracked 
| 681|0x00000000aa900000, 0x00000000aa900000, 0x00000000aaa00000|  0%| F|  |TAMS 0x00000000aa900000, 0x00000000aa900000| Untracked 
| 682|0x00000000aaa00000, 0x00000000aaa00000, 0x00000000aab00000|  0%| F|  |TAMS 0x00000000aaa00000, 0x00000000aaa00000| Untracked 
| 683|0x00000000aab00000, 0x00000000aab00000, 0x00000000aac00000|  0%| F|  |TAMS 0x00000000aab00000, 0x00000000aab00000| Untracked 
| 684|0x00000000aac00000, 0x00000000aac00000, 0x00000000aad00000|  0%| F|  |TAMS 0x00000000aac00000, 0x00000000aac00000| Untracked 
| 685|0x00000000aad00000, 0x00000000aad00000, 0x00000000aae00000|  0%| F|  |TAMS 0x00000000aad00000, 0x00000000aad00000| Untracked 
| 686|0x00000000aae00000, 0x00000000aae00000, 0x00000000aaf00000|  0%| F|  |TAMS 0x00000000aae00000, 0x00000000aae00000| Untracked 
| 687|0x00000000aaf00000, 0x00000000aaf00000, 0x00000000ab000000|  0%| F|  |TAMS 0x00000000aaf00000, 0x00000000aaf00000| Untracked 
| 688|0x00000000ab000000, 0x00000000ab000000, 0x00000000ab100000|  0%| F|  |TAMS 0x00000000ab000000, 0x00000000ab000000| Untracked 
| 689|0x00000000ab100000, 0x00000000ab100000, 0x00000000ab200000|  0%| F|  |TAMS 0x00000000ab100000, 0x00000000ab100000| Untracked 
| 690|0x00000000ab200000, 0x00000000ab200000, 0x00000000ab300000|  0%| F|  |TAMS 0x00000000ab200000, 0x00000000ab200000| Untracked 
| 691|0x00000000ab300000, 0x00000000ab300000, 0x00000000ab400000|  0%| F|  |TAMS 0x00000000ab300000, 0x00000000ab300000| Untracked 
| 692|0x00000000ab400000, 0x00000000ab400000, 0x00000000ab500000|  0%| F|  |TAMS 0x00000000ab400000, 0x00000000ab400000| Untracked 
| 693|0x00000000ab500000, 0x00000000ab500000, 0x00000000ab600000|  0%| F|  |TAMS 0x00000000ab500000, 0x00000000ab500000| Untracked 
| 694|0x00000000ab600000, 0x00000000ab600000, 0x00000000ab700000|  0%| F|  |TAMS 0x00000000ab600000, 0x00000000ab600000| Untracked 
| 695|0x00000000ab700000, 0x00000000ab700000, 0x00000000ab800000|  0%| F|  |TAMS 0x00000000ab700000, 0x00000000ab700000| Untracked 
| 696|0x00000000ab800000, 0x00000000ab800000, 0x00000000ab900000|  0%| F|  |TAMS 0x00000000ab800000, 0x00000000ab800000| Untracked 
| 697|0x00000000ab900000, 0x00000000ab900000, 0x00000000aba00000|  0%| F|  |TAMS 0x00000000ab900000, 0x00000000ab900000| Untracked 
| 698|0x00000000aba00000, 0x00000000aba00000, 0x00000000abb00000|  0%| F|  |TAMS 0x00000000aba00000, 0x00000000aba00000| Untracked 
| 699|0x00000000abb00000, 0x00000000abb00000, 0x00000000abc00000|  0%| F|  |TAMS 0x00000000abb00000, 0x00000000abb00000| Untracked 
| 700|0x00000000abc00000, 0x00000000abc00000, 0x00000000abd00000|  0%| F|  |TAMS 0x00000000abc00000, 0x00000000abc00000| Untracked 
| 701|0x00000000abd00000, 0x00000000abd00000, 0x00000000abe00000|  0%| F|  |TAMS 0x00000000abd00000, 0x00000000abd00000| Untracked 
| 702|0x00000000abe00000, 0x00000000abe00000, 0x00000000abf00000|  0%| F|  |TAMS 0x00000000abe00000, 0x00000000abe00000| Untracked 
| 703|0x00000000abf00000, 0x00000000abf00000, 0x00000000ac000000|  0%| F|  |TAMS 0x00000000abf00000, 0x00000000abf00000| Untracked 
| 704|0x00000000ac000000, 0x00000000ac000000, 0x00000000ac100000|  0%| F|  |TAMS 0x00000000ac000000, 0x00000000ac000000| Untracked 
| 705|0x00000000ac100000, 0x00000000ac100000, 0x00000000ac200000|  0%| F|  |TAMS 0x00000000ac100000, 0x00000000ac100000| Untracked 
| 706|0x00000000ac200000, 0x00000000ac200000, 0x00000000ac300000|  0%| F|  |TAMS 0x00000000ac200000, 0x00000000ac200000| Untracked 
| 707|0x00000000ac300000, 0x00000000ac300000, 0x00000000ac400000|  0%| F|  |TAMS 0x00000000ac300000, 0x00000000ac300000| Untracked 
| 708|0x00000000ac400000, 0x00000000ac400000, 0x00000000ac500000|  0%| F|  |TAMS 0x00000000ac400000, 0x00000000ac400000| Untracked 
| 709|0x00000000ac500000, 0x00000000ac500000, 0x00000000ac600000|  0%| F|  |TAMS 0x00000000ac500000, 0x00000000ac500000| Untracked 
| 710|0x00000000ac600000, 0x00000000ac600000, 0x00000000ac700000|  0%| F|  |TAMS 0x00000000ac600000, 0x00000000ac600000| Untracked 
| 711|0x00000000ac700000, 0x00000000ac700000, 0x00000000ac800000|  0%| F|  |TAMS 0x00000000ac700000, 0x00000000ac700000| Untracked 
| 712|0x00000000ac800000, 0x00000000ac800000, 0x00000000ac900000|  0%| F|  |TAMS 0x00000000ac800000, 0x00000000ac800000| Untracked 
| 713|0x00000000ac900000, 0x00000000ac900000, 0x00000000aca00000|  0%| F|  |TAMS 0x00000000ac900000, 0x00000000ac900000| Untracked 
| 714|0x00000000aca00000, 0x00000000aca00000, 0x00000000acb00000|  0%| F|  |TAMS 0x00000000aca00000, 0x00000000aca00000| Untracked 
| 715|0x00000000acb00000, 0x00000000acb00000, 0x00000000acc00000|  0%| F|  |TAMS 0x00000000acb00000, 0x00000000acb00000| Untracked 
| 716|0x00000000acc00000, 0x00000000acc00000, 0x00000000acd00000|  0%| F|  |TAMS 0x00000000acc00000, 0x00000000acc00000| Untracked 
| 717|0x00000000acd00000, 0x00000000acd00000, 0x00000000ace00000|  0%| F|  |TAMS 0x00000000acd00000, 0x00000000acd00000| Untracked 
| 718|0x00000000ace00000, 0x00000000ace00000, 0x00000000acf00000|  0%| F|  |TAMS 0x00000000ace00000, 0x00000000ace00000| Untracked 
| 719|0x00000000acf00000, 0x00000000acf00000, 0x00000000ad000000|  0%| F|  |TAMS 0x00000000acf00000, 0x00000000acf00000| Untracked 
| 720|0x00000000ad000000, 0x00000000ad000000, 0x00000000ad100000|  0%| F|  |TAMS 0x00000000ad000000, 0x00000000ad000000| Untracked 
| 721|0x00000000ad100000, 0x00000000ad100000, 0x00000000ad200000|  0%| F|  |TAMS 0x00000000ad100000, 0x00000000ad100000| Untracked 
| 722|0x00000000ad200000, 0x00000000ad200000, 0x00000000ad300000|  0%| F|  |TAMS 0x00000000ad200000, 0x00000000ad200000| Untracked 
| 723|0x00000000ad300000, 0x00000000ad300000, 0x00000000ad400000|  0%| F|  |TAMS 0x00000000ad300000, 0x00000000ad300000| Untracked 
| 724|0x00000000ad400000, 0x00000000ad400000, 0x00000000ad500000|  0%| F|  |TAMS 0x00000000ad400000, 0x00000000ad400000| Untracked 
| 725|0x00000000ad500000, 0x00000000ad500000, 0x00000000ad600000|  0%| F|  |TAMS 0x00000000ad500000, 0x00000000ad500000| Untracked 
| 726|0x00000000ad600000, 0x00000000ad600000, 0x00000000ad700000|  0%| F|  |TAMS 0x00000000ad600000, 0x00000000ad600000| Untracked 
| 727|0x00000000ad700000, 0x00000000ad700000, 0x00000000ad800000|  0%| F|  |TAMS 0x00000000ad700000, 0x00000000ad700000| Untracked 
| 728|0x00000000ad800000, 0x00000000ad800000, 0x00000000ad900000|  0%| F|  |TAMS 0x00000000ad800000, 0x00000000ad800000| Untracked 
| 729|0x00000000ad900000, 0x00000000ad900000, 0x00000000ada00000|  0%| F|  |TAMS 0x00000000ad900000, 0x00000000ad900000| Untracked 
| 730|0x00000000ada00000, 0x00000000ada00000, 0x00000000adb00000|  0%| F|  |TAMS 0x00000000ada00000, 0x00000000ada00000| Untracked 
| 731|0x00000000adb00000, 0x00000000adb00000, 0x00000000adc00000|  0%| F|  |TAMS 0x00000000adb00000, 0x00000000adb00000| Untracked 
| 732|0x00000000adc00000, 0x00000000adc00000, 0x00000000add00000|  0%| F|  |TAMS 0x00000000adc00000, 0x00000000adc00000| Untracked 
| 733|0x00000000add00000, 0x00000000add00000, 0x00000000ade00000|  0%| F|  |TAMS 0x00000000add00000, 0x00000000add00000| Untracked 
| 734|0x00000000ade00000, 0x00000000ade00000, 0x00000000adf00000|  0%| F|  |TAMS 0x00000000ade00000, 0x00000000ade00000| Untracked 
| 735|0x00000000adf00000, 0x00000000adf00000, 0x00000000ae000000|  0%| F|  |TAMS 0x00000000adf00000, 0x00000000adf00000| Untracked 
| 736|0x00000000ae000000, 0x00000000ae000000, 0x00000000ae100000|  0%| F|  |TAMS 0x00000000ae000000, 0x00000000ae000000| Untracked 
| 737|0x00000000ae100000, 0x00000000ae100000, 0x00000000ae200000|  0%| F|  |TAMS 0x00000000ae100000, 0x00000000ae100000| Untracked 
| 738|0x00000000ae200000, 0x00000000ae200000, 0x00000000ae300000|  0%| F|  |TAMS 0x00000000ae200000, 0x00000000ae200000| Untracked 
| 739|0x00000000ae300000, 0x00000000ae300000, 0x00000000ae400000|  0%| F|  |TAMS 0x00000000ae300000, 0x00000000ae300000| Untracked 
| 740|0x00000000ae400000, 0x00000000ae400000, 0x00000000ae500000|  0%| F|  |TAMS 0x00000000ae400000, 0x00000000ae400000| Untracked 
| 741|0x00000000ae500000, 0x00000000ae500000, 0x00000000ae600000|  0%| F|  |TAMS 0x00000000ae500000, 0x00000000ae500000| Untracked 
| 742|0x00000000ae600000, 0x00000000ae600000, 0x00000000ae700000|  0%| F|  |TAMS 0x00000000ae600000, 0x00000000ae600000| Untracked 
| 743|0x00000000ae700000, 0x00000000ae700000, 0x00000000ae800000|  0%| F|  |TAMS 0x00000000ae700000, 0x00000000ae700000| Untracked 
| 744|0x00000000ae800000, 0x00000000ae800000, 0x00000000ae900000|  0%| F|  |TAMS 0x00000000ae800000, 0x00000000ae800000| Untracked 
| 745|0x00000000ae900000, 0x00000000ae900000, 0x00000000aea00000|  0%| F|  |TAMS 0x00000000ae900000, 0x00000000ae900000| Untracked 
| 746|0x00000000aea00000, 0x00000000aea00000, 0x00000000aeb00000|  0%| F|  |TAMS 0x00000000aea00000, 0x00000000aea00000| Untracked 
| 747|0x00000000aeb00000, 0x00000000aeb00000, 0x00000000aec00000|  0%| F|  |TAMS 0x00000000aeb00000, 0x00000000aeb00000| Untracked 
| 748|0x00000000aec00000, 0x00000000aec00000, 0x00000000aed00000|  0%| F|  |TAMS 0x00000000aec00000, 0x00000000aec00000| Untracked 
| 749|0x00000000aed00000, 0x00000000aed00000, 0x00000000aee00000|  0%| F|  |TAMS 0x00000000aed00000, 0x00000000aed00000| Untracked 
| 750|0x00000000aee00000, 0x00000000aee00000, 0x00000000aef00000|  0%| F|  |TAMS 0x00000000aee00000, 0x00000000aee00000| Untracked 
| 751|0x00000000aef00000, 0x00000000aef00000, 0x00000000af000000|  0%| F|  |TAMS 0x00000000aef00000, 0x00000000aef00000| Untracked 
| 752|0x00000000af000000, 0x00000000af000000, 0x00000000af100000|  0%| F|  |TAMS 0x00000000af000000, 0x00000000af000000| Untracked 
| 753|0x00000000af100000, 0x00000000af100000, 0x00000000af200000|  0%| F|  |TAMS 0x00000000af100000, 0x00000000af100000| Untracked 
| 754|0x00000000af200000, 0x00000000af200000, 0x00000000af300000|  0%| F|  |TAMS 0x00000000af200000, 0x00000000af200000| Untracked 
| 755|0x00000000af300000, 0x00000000af300000, 0x00000000af400000|  0%| F|  |TAMS 0x00000000af300000, 0x00000000af300000| Untracked 
| 756|0x00000000af400000, 0x00000000af400000, 0x00000000af500000|  0%| F|  |TAMS 0x00000000af400000, 0x00000000af400000| Untracked 
| 757|0x00000000af500000, 0x00000000af500000, 0x00000000af600000|  0%| F|  |TAMS 0x00000000af500000, 0x00000000af500000| Untracked 
| 758|0x00000000af600000, 0x00000000af600000, 0x00000000af700000|  0%| F|  |TAMS 0x00000000af600000, 0x00000000af600000| Untracked 
| 759|0x00000000af700000, 0x00000000af700000, 0x00000000af800000|  0%| F|  |TAMS 0x00000000af700000, 0x00000000af700000| Untracked 
|2047|0x00000000fff00000, 0x0000000100000000, 0x0000000100000000|100%| O|  |TAMS 0x0000000100000000, 0x0000000100000000| Untracked 

Card table byte_map: [0x0000012c7baf0000,0x0000012c7bef0000] _byte_map_base: 0x0000012c7b6f0000

Marking Bits (Prev, Next): (CMBitMap*) 0x0000012c68f604f0, (CMBitMap*) 0x0000012c68f604b0
 Prev Bits: [0x0000012c00000000, 0x0000012c02000000)
 Next Bits: [0x0000012c7c2f0000, 0x0000012c7e2f0000)

Polling page: 0x0000012c66df0000

Metaspace:

Usage:
  Non-class:    165.15 MB used.
      Class:     24.93 MB used.
       Both:    190.09 MB used.

Virtual space:
  Non-class space:      168.00 MB reserved,     166.19 MB ( 99%) committed,  21 nodes.
      Class space:        1.00 GB reserved,      25.88 MB (  3%) committed,  1 nodes.
             Both:        1.16 GB reserved,     192.06 MB ( 16%) committed. 

Chunk freelists:
   Non-Class:  1.02 MB
       Class:  2.17 MB
        Both:  3.19 MB

MaxMetaspaceSize: unlimited
CompressedClassSpaceSize: 1.00 GB
Initial GC threshold: 21.00 MB
Current GC threshold: 319.81 MB
CDS: off
MetaspaceReclaimPolicy: balanced
 - commit_granule_bytes: 65536.
 - commit_granule_words: 8192.
 - virtual_space_node_default_size: 1048576.
 - enlarge_chunks_in_place: 1.
 - new_chunks_are_fully_committed: 0.
 - uncommit_free_chunks: 1.
 - use_allocation_guard: 0.
 - handle_deallocations: 1.


Internal statistics:

num_allocs_failed_limit: 3.
num_arena_births: 4300.
num_arena_deaths: 486.
num_vsnodes_births: 22.
num_vsnodes_deaths: 0.
num_space_committed: 3070.
num_space_uncommitted: 0.
num_chunks_returned_to_freelist: 690.
num_chunks_taken_from_freelist: 13022.
num_chunk_merges: 226.
num_chunk_splits: 7841.
num_chunks_enlarged: 4483.
num_purges: 8.
num_inconsistent_stats: 0.

CodeHeap 'non-profiled nmethods': size=120000Kb used=30670Kb max_used=30765Kb free=89329Kb
 bounds [0x0000012c73e90000, 0x0000012c75cc0000, 0x0000012c7b3c0000]
CodeHeap 'profiled nmethods': size=120000Kb used=62243Kb max_used=62999Kb free=57756Kb
 bounds [0x0000012c6c3c0000, 0x0000012c70160000, 0x0000012c738f0000]
CodeHeap 'non-nmethods': size=5760Kb used=2555Kb max_used=2668Kb free=3204Kb
 bounds [0x0000012c738f0000, 0x0000012c73ba0000, 0x0000012c73e90000]
 total_blobs=32289 nmethods=31199 adapters=999
 compilation: enabled
              stopped_count=0, restarted_count=0
 full_count=0

Compilation events (20 events):
Event: 2826.463 Thread 0x0000012c09605b60 nmethod 40922 0x0000012c750bd310 code [0x0000012c750bd480, 0x0000012c750bd578]
Event: 2826.463 Thread 0x0000012c09605b60 39503       4       com.android.tools.r8.utils.C3::<init> (10 bytes)
Event: 2826.464 Thread 0x0000012c09605b60 nmethod 39503 0x0000012c75552010 code [0x0000012c75552180, 0x0000012c755522b8]
Event: 2826.464 Thread 0x0000012c09605b60 40317       4       com.android.tools.r8.internal.b20::a (170 bytes)
Event: 2826.470 Thread 0x0000012c09605b60 nmethod 40317 0x0000012c75756390 code [0x0000012c75756580, 0x0000012c757569b0]
Event: 2826.470 Thread 0x0000012c09605b60 40309       4       com.android.tools.r8.ir.regalloc.k::c (9 bytes)
Event: 2826.473 Thread 0x0000012c09605b60 nmethod 40309 0x0000012c75283b90 code [0x0000012c75283d20, 0x0000012c75283fc8]
Event: 2826.474 Thread 0x0000012c09605b60 40927       4       com.android.tools.r8.internal.Mc::a (52 bytes)
Event: 2826.499 Thread 0x0000012c7f8b5120 40943       2       com.android.tools.r8.utils.P1::d (9 bytes)
Event: 2826.500 Thread 0x0000012c7f8b5120 nmethod 40943 0x0000012c6fa25410 code [0x0000012c6fa255c0, 0x0000012c6fa25768]
Event: 2826.500 Thread 0x0000012c7f8b5120 40944       2       com.android.tools.r8.utils.O::a (22 bytes)
Event: 2826.500 Thread 0x0000012c7f8b5120 nmethod 40944 0x0000012c6db88190 code [0x0000012c6db88340, 0x0000012c6db884b8]
Event: 2826.514 Thread 0x0000012c09605b60 nmethod 40927 0x0000012c75b56d10 code [0x0000012c75b56f80, 0x0000012c75b58548]
Event: 2826.514 Thread 0x0000012c09605b60 40934       4       com.android.tools.r8.ir.regalloc.b::c (4041 bytes)
Event: 2826.521 Thread 0x0000012c7f89c710 nmethod 40823 0x0000012c75920f10 code [0x0000012c759212e0, 0x0000012c759254a0]
Event: 2826.522 Thread 0x0000012c7f89c710 40935       4       com.android.tools.r8.internal.B8::<init> (253 bytes)
Event: 2826.522 Thread 0x0000012c7f8b5120 40945       2       com.android.tools.r8.internal.x4::b (20 bytes)
Event: 2826.522 Thread 0x0000012c7f8b5120 nmethod 40945 0x0000012c6e9dce10 code [0x0000012c6e9dcfa0, 0x0000012c6e9dd0b8]
Event: 2826.523 Thread 0x0000012c096028c0 nmethod 40822 0x0000012c75b62910 code [0x0000012c75b63140, 0x0000012c75b6eae0]
Event: 2826.524 Thread 0x0000012c096028c0 40928       4       com.android.tools.r8.internal.OA::a (101 bytes)

GC Heap History (20 events):
Event: 2821.195 GC heap after
{Heap after GC invocations=129 (full 0):
 garbage-first heap   total 757760K, used 239152K [0x0000000080000000, 0x0000000100000000)
  region size 1024K, 3 young (3072K), 3 survivors (3072K)
 Metaspace       used 193251K, committed 195264K, reserved 1220608K
  class space    used 25414K, committed 26368K, reserved 1048576K
}
Event: 2822.594 GC heap before
{Heap before GC invocations=129 (full 0):
 garbage-first heap   total 757760K, used 565808K [0x0000000080000000, 0x0000000100000000)
  region size 1024K, 322 young (329728K), 3 survivors (3072K)
 Metaspace       used 194008K, committed 195968K, reserved 1220608K
  class space    used 25475K, committed 26432K, reserved 1048576K
}
Event: 2822.600 GC heap after
{Heap after GC invocations=130 (full 0):
 garbage-first heap   total 757760K, used 240611K [0x0000000080000000, 0x0000000100000000)
  region size 1024K, 5 young (5120K), 5 survivors (5120K)
 Metaspace       used 194008K, committed 195968K, reserved 1220608K
  class space    used 25475K, committed 26432K, reserved 1048576K
}
Event: 2823.349 GC heap before
{Heap before GC invocations=131 (full 0):
 garbage-first heap   total 757760K, used 583651K [0x0000000080000000, 0x0000000100000000)
  region size 1024K, 340 young (348160K), 5 survivors (5120K)
 Metaspace       used 194171K, committed 196096K, reserved 1220608K
  class space    used 25495K, committed 26432K, reserved 1048576K
}
Event: 2823.356 GC heap after
{Heap after GC invocations=132 (full 0):
 garbage-first heap   total 757760K, used 245296K [0x0000000080000000, 0x0000000100000000)
  region size 1024K, 9 young (9216K), 9 survivors (9216K)
 Metaspace       used 194171K, committed 196096K, reserved 1220608K
  class space    used 25495K, committed 26432K, reserved 1048576K
}
Event: 2823.399 GC heap before
{Heap before GC invocations=132 (full 0):
 garbage-first heap   total 757760K, used 273968K [0x0000000080000000, 0x0000000100000000)
  region size 1024K, 37 young (37888K), 9 survivors (9216K)
 Metaspace       used 194240K, committed 196160K, reserved 1220608K
  class space    used 25504K, committed 26432K, reserved 1048576K
}
Event: 2823.409 GC heap after
{Heap after GC invocations=133 (full 0):
 garbage-first heap   total 757760K, used 236811K [0x0000000080000000, 0x0000000100000000)
  region size 1024K, 2 young (2048K), 2 survivors (2048K)
 Metaspace       used 194240K, committed 196160K, reserved 1220608K
  class space    used 25504K, committed 26432K, reserved 1048576K
}
Event: 2823.929 GC heap before
{Heap before GC invocations=133 (full 0):
 garbage-first heap   total 757760K, used 598283K [0x0000000080000000, 0x0000000100000000)
  region size 1024K, 356 young (364544K), 2 survivors (2048K)
 Metaspace       used 194350K, committed 196288K, reserved 1220608K
  class space    used 25512K, committed 26432K, reserved 1048576K
}
Event: 2823.937 GC heap after
{Heap after GC invocations=134 (full 0):
 garbage-first heap   total 757760K, used 239920K [0x0000000080000000, 0x0000000100000000)
  region size 1024K, 5 young (5120K), 5 survivors (5120K)
 Metaspace       used 194350K, committed 196288K, reserved 1220608K
  class space    used 25512K, committed 26432K, reserved 1048576K
}
Event: 2824.612 GC heap before
{Heap before GC invocations=135 (full 0):
 garbage-first heap   total 757760K, used 613680K [0x0000000080000000, 0x0000000100000000)
  region size 1024K, 369 young (377856K), 5 survivors (5120K)
 Metaspace       used 194430K, committed 196352K, reserved 1220608K
  class space    used 25515K, committed 26432K, reserved 1048576K
}
Event: 2824.619 GC heap after
{Heap after GC invocations=136 (full 0):
 garbage-first heap   total 757760K, used 240813K [0x0000000080000000, 0x0000000100000000)
  region size 1024K, 6 young (6144K), 6 survivors (6144K)
 Metaspace       used 194430K, committed 196352K, reserved 1220608K
  class space    used 25515K, committed 26432K, reserved 1048576K
}
Event: 2824.643 GC heap before
{Heap before GC invocations=136 (full 0):
 garbage-first heap   total 757760K, used 272557K [0x0000000080000000, 0x0000000100000000)
  region size 1024K, 37 young (37888K), 6 survivors (6144K)
 Metaspace       used 194439K, committed 196352K, reserved 1220608K
  class space    used 25515K, committed 26432K, reserved 1048576K
}
Event: 2824.654 GC heap after
{Heap after GC invocations=137 (full 0):
 garbage-first heap   total 757760K, used 234598K [0x0000000080000000, 0x0000000100000000)
  region size 1024K, 3 young (3072K), 3 survivors (3072K)
 Metaspace       used 194439K, committed 196352K, reserved 1220608K
  class space    used 25515K, committed 26432K, reserved 1048576K
}
Event: 2825.116 GC heap before
{Heap before GC invocations=137 (full 0):
 garbage-first heap   total 757760K, used 622694K [0x0000000080000000, 0x0000000100000000)
  region size 1024K, 383 young (392192K), 3 survivors (3072K)
 Metaspace       used 194522K, committed 196480K, reserved 1220608K
  class space    used 25524K, committed 26496K, reserved 1048576K
}
Event: 2825.123 GC heap after
{Heap after GC invocations=138 (full 0):
 garbage-first heap   total 757760K, used 235383K [0x0000000080000000, 0x0000000100000000)
  region size 1024K, 4 young (4096K), 4 survivors (4096K)
 Metaspace       used 194522K, committed 196480K, reserved 1220608K
  class space    used 25524K, committed 26496K, reserved 1048576K
}
Event: 2825.771 GC heap before
{Heap before GC invocations=139 (full 0):
 garbage-first heap   total 757760K, used 632695K [0x0000000080000000, 0x0000000100000000)
  region size 1024K, 392 young (401408K), 4 survivors (4096K)
 Metaspace       used 194568K, committed 196608K, reserved 1220608K
  class space    used 25528K, committed 26496K, reserved 1048576K
}
Event: 2825.778 GC heap after
{Heap after GC invocations=140 (full 0):
 garbage-first heap   total 757760K, used 237073K [0x0000000080000000, 0x0000000100000000)
  region size 1024K, 6 young (6144K), 6 survivors (6144K)
 Metaspace       used 194568K, committed 196608K, reserved 1220608K
  class space    used 25528K, committed 26496K, reserved 1048576K
}
Event: 2825.818 GC heap before
{Heap before GC invocations=140 (full 0):
 garbage-first heap   total 757760K, used 268817K [0x0000000080000000, 0x0000000100000000)
  region size 1024K, 37 young (37888K), 6 survivors (6144K)
 Metaspace       used 194574K, committed 196608K, reserved 1220608K
  class space    used 25528K, committed 26496K, reserved 1048576K
}
Event: 2825.831 GC heap after
{Heap after GC invocations=141 (full 0):
 garbage-first heap   total 757760K, used 230498K [0x0000000080000000, 0x0000000100000000)
  region size 1024K, 1 young (1024K), 1 survivors (1024K)
 Metaspace       used 194574K, committed 196608K, reserved 1220608K
  class space    used 25528K, committed 26496K, reserved 1048576K
}
Event: 2826.531 GC heap before
{Heap before GC invocations=141 (full 0):
 garbage-first heap   total 757760K, used 639074K [0x0000000080000000, 0x0000000100000000)
  region size 1024K, 400 young (409600K), 1 survivors (1024K)
 Metaspace       used 194648K, committed 196672K, reserved 1220608K
  class space    used 25532K, committed 26496K, reserved 1048576K
}

Dll operation events (3 events):
Event: 0.011 Loaded shared library C:\Android\studio\jbr\bin\java.dll
Event: 0.153 Loaded shared library C:\Android\studio\jbr\bin\zip.dll
Event: 0.438 Loaded shared library C:\Android\studio\jbr\bin\verify.dll

Deoptimization events (20 events):
Event: 2825.799 Thread 0x0000012c0e0a56e0 DEOPT PACKING pc=0x0000012c70142e53 sp=0x00000028d67f7250
Event: 2825.799 Thread 0x0000012c0e0a56e0 DEOPT UNPACKING pc=0x0000012c7394ace3 sp=0x00000028d67f6790 mode 0
Event: 2826.003 Thread 0x0000012c0ecd0ce0 DEOPT PACKING pc=0x0000012c6f3182b5 sp=0x00000028da4fa160
Event: 2826.003 Thread 0x0000012c0ecd0ce0 DEOPT UNPACKING pc=0x0000012c7394ace3 sp=0x00000028da4f9618 mode 0
Event: 2826.033 Thread 0x0000012c0ecd0ce0 DEOPT PACKING pc=0x0000012c700a0e5d sp=0x00000028da4f9d70
Event: 2826.033 Thread 0x0000012c0ecd0ce0 DEOPT UNPACKING pc=0x0000012c7394ace3 sp=0x00000028da4f9588 mode 0
Event: 2826.091 Thread 0x0000012c0ecd0ce0 Uncommon trap: trap_request=0xffffff45 fr.pc=0x0000012c75c6b478 relative=0x0000000000003258
Event: 2826.091 Thread 0x0000012c0ecd0ce0 Uncommon trap: reason=unstable_if action=reinterpret pc=0x0000012c75c6b478 method=com.android.tools.r8.ir.optimize.q0.a(Lcom/android/tools/r8/internal/ll;Lcom/android/tools/r8/ir/regalloc/f;I)V @ 1233 c2
Event: 2826.091 Thread 0x0000012c0ecd0ce0 DEOPT PACKING pc=0x0000012c75c6b478 sp=0x00000028da4fa130
Event: 2826.091 Thread 0x0000012c0ecd0ce0 DEOPT UNPACKING pc=0x0000012c7394a1a3 sp=0x00000028da4fa120 mode 2
Event: 2826.112 Thread 0x0000012c0eea6b00 DEOPT PACKING pc=0x0000012c700a0e5d sp=0x00000028da0f98a0
Event: 2826.112 Thread 0x0000012c0eea6b00 DEOPT UNPACKING pc=0x0000012c7394ace3 sp=0x00000028da0f90b8 mode 0
Event: 2826.155 Thread 0x0000012c0e0a56e0 DEOPT PACKING pc=0x0000012c700a0e5d sp=0x00000028d67f65c0
Event: 2826.155 Thread 0x0000012c0e0a56e0 DEOPT UNPACKING pc=0x0000012c7394ace3 sp=0x00000028d67f5dd8 mode 0
Event: 2826.175 Thread 0x0000012c0ecd0ce0 Uncommon trap: trap_request=0xffffff45 fr.pc=0x0000012c758b91e4 relative=0x0000000000001ce4
Event: 2826.175 Thread 0x0000012c0ecd0ce0 Uncommon trap: reason=unstable_if action=reinterpret pc=0x0000012c758b91e4 method=com.android.tools.r8.internal.lp.a(ILjava/lang/Object;)Ljava/lang/Object; @ 940 c2
Event: 2826.175 Thread 0x0000012c0ecd0ce0 DEOPT PACKING pc=0x0000012c758b91e4 sp=0x00000028da4f9db0
Event: 2826.175 Thread 0x0000012c0ecd0ce0 DEOPT UNPACKING pc=0x0000012c7394a1a3 sp=0x00000028da4f9d58 mode 2
Event: 2826.191 Thread 0x0000012c0eea6b00 DEOPT PACKING pc=0x0000012c70037ebd sp=0x00000028da0fb770
Event: 2826.191 Thread 0x0000012c0eea6b00 DEOPT UNPACKING pc=0x0000012c7394ace3 sp=0x00000028da0facd8 mode 0

Classes unloaded (20 events):
Event: 2816.743 Thread 0x0000012c7ed5d330 Unloading class 0x00000001008849c0 'build_3mlpetjdhrgfilfjj2w3yioje$_run_closure1$_closure3'
Event: 2816.743 Thread 0x0000012c7ed5d330 Unloading class 0x0000000100884590 'build_3mlpetjdhrgfilfjj2w3yioje$_run_closure1'
Event: 2816.743 Thread 0x0000012c7ed5d330 Unloading class 0x0000000100884000 'build_3mlpetjdhrgfilfjj2w3yioje'
Event: 2816.743 Thread 0x0000012c7ed5d330 Unloading class 0x000000010075c000 'build_3mlpetjdhrgfilfjj2w3yioje$_run_closure1$_closure3'
Event: 2816.743 Thread 0x0000012c7ed5d330 Unloading class 0x00000001007499c0 'build_3mlpetjdhrgfilfjj2w3yioje$_run_closure1$_closure2'
Event: 2816.744 Thread 0x0000012c7ed5d330 Unloading class 0x0000000100749590 'build_3mlpetjdhrgfilfjj2w3yioje$_run_closure1'
Event: 2816.744 Thread 0x0000012c7ed5d330 Unloading class 0x0000000100749000 'build_3mlpetjdhrgfilfjj2w3yioje'
Event: 2816.744 Thread 0x0000012c7ed5d330 Unloading class 0x00000001006c8000 'settings_8y8oeqefu1uul7v93xgiq62zz'
Event: 2816.744 Thread 0x0000012c7ed5d330 Unloading class 0x0000000100677588 'JetGradlePlugin'
Event: 2816.744 Thread 0x0000012c7ed5d330 Unloading class 0x0000000100677000 'ijinit_ckkdp5975nrsgivkbl93wokji'
Event: 2816.744 Thread 0x0000012c7ed5d330 Unloading class 0x00000001006769b8 'ijinit_ckkdp5975nrsgivkbl93wokji$_run_closure1$_closure2'
Event: 2816.744 Thread 0x0000012c7ed5d330 Unloading class 0x0000000100676588 'ijinit_ckkdp5975nrsgivkbl93wokji$_run_closure1'
Event: 2816.744 Thread 0x0000012c7ed5d330 Unloading class 0x0000000100676000 'ijinit_ckkdp5975nrsgivkbl93wokji'
Event: 2816.744 Thread 0x0000012c7ed5d330 Unloading class 0x0000000100674588 'sync_studio_tooling_2c47esn5ee9utshd2ilw2pbmu$_run_closure1'
Event: 2816.744 Thread 0x0000012c7ed5d330 Unloading class 0x0000000100674000 'sync_studio_tooling_2c47esn5ee9utshd2ilw2pbmu'
Event: 2816.744 Thread 0x0000012c7ed5d330 Unloading class 0x0000000100600000 'sync_studio_tooling_2c47esn5ee9utshd2ilw2pbmu$_run_closure1$_closure2'
Event: 2816.744 Thread 0x0000012c7ed5d330 Unloading class 0x00000001005bf000 'sync_studio_tooling_2c47esn5ee9utshd2ilw2pbmu$_run_closure1'
Event: 2816.744 Thread 0x0000012c7ed5d330 Unloading class 0x00000001005be800 'sync_studio_tooling_2c47esn5ee9utshd2ilw2pbmu'
Event: 2816.744 Thread 0x0000012c7ed5d330 Unloading class 0x00000001005bc800 'ijmapper_9yzecno2531voumlwt4gb52jt$_run_closure1'
Event: 2816.744 Thread 0x0000012c7ed5d330 Unloading class 0x000000010052c000 'ijmapper_9yzecno2531voumlwt4gb52jt'

Classes redefined (0 events):
No events

Internal exceptions (20 events):
Event: 2825.241 Thread 0x0000012c0ecd1680 Exception <a 'sun/nio/fs/WindowsException'{0x00000000aa81f740}> (0x00000000aa81f740) 
thrown [s\src\hotspot\share\prims\jni.cpp, line 517]
Event: 2825.368 Thread 0x0000012c0eea6b00 Exception <a 'sun/nio/fs/WindowsException'{0x00000000a66557d0}> (0x00000000a66557d0) 
thrown [s\src\hotspot\share\prims\jni.cpp, line 517]
Event: 2825.432 Thread 0x0000012c0ecd3360 Exception <a 'sun/nio/fs/WindowsException'{0x00000000a3b02258}> (0x00000000a3b02258) 
thrown [s\src\hotspot\share\prims\jni.cpp, line 517]
Event: 2825.441 Thread 0x0000012c0ecd11b0 Exception <a 'sun/nio/fs/WindowsException'{0x00000000a380e9c0}> (0x00000000a380e9c0) 
thrown [s\src\hotspot\share\prims\jni.cpp, line 517]
Event: 2825.453 Thread 0x0000012c0ecd3360 Exception <a 'sun/nio/fs/WindowsException'{0x00000000a34cd270}> (0x00000000a34cd270) 
thrown [s\src\hotspot\share\prims\jni.cpp, line 517]
Event: 2825.457 Thread 0x0000012c0ecd0ce0 Exception <a 'sun/nio/fs/WindowsException'{0x00000000a31d29f8}> (0x00000000a31d29f8) 
thrown [s\src\hotspot\share\prims\jni.cpp, line 517]
Event: 2825.633 Thread 0x0000012c0ecd3360 Exception <a 'sun/nio/fs/WindowsException'{0x000000009c71d5b8}> (0x000000009c71d5b8) 
thrown [s\src\hotspot\share\prims\jni.cpp, line 517]
Event: 2825.794 Thread 0x0000012c0ecd0ce0 Exception <a 'sun/nio/fs/WindowsException'{0x00000000ad6addd8}> (0x00000000ad6addd8) 
thrown [s\src\hotspot\share\prims\jni.cpp, line 517]
Event: 2825.856 Thread 0x0000012c0ecd0ce0 Exception <a 'sun/nio/fs/WindowsException'{0x00000000af2f8830}> (0x00000000af2f8830) 
thrown [s\src\hotspot\share\prims\jni.cpp, line 517]
Event: 2825.962 Thread 0x0000012c0eea6630 Exception <a 'sun/nio/fs/WindowsException'{0x00000000a84b9108}> (0x00000000a84b9108) 
thrown [s\src\hotspot\share\prims\jni.cpp, line 517]
Event: 2825.984 Thread 0x0000012c0eea6b00 Exception <a 'java/lang/NoSuchMethodError'{0x00000000a73f3e80}: 'int java.lang.invoke.DirectMethodHandle$Holder.invokeInterface(java.lang.Object, java.lang.Object, int)'> (0x00000000a73f3e80) 
thrown [s\src\hotspot\share\interpreter\linkResolver.cpp, line 771]
Event: 2826.191 Thread 0x0000012c0ecd0ce0 Exception <a 'sun/nio/fs/WindowsException'{0x000000009f5bdea0}> (0x000000009f5bdea0) 
thrown [s\src\hotspot\share\prims\jni.cpp, line 517]
Event: 2826.213 Thread 0x0000012c0eea6b00 Exception <a 'sun/nio/fs/WindowsException'{0x000000009ec02348}> (0x000000009ec02348) 
thrown [s\src\hotspot\share\prims\jni.cpp, line 517]
Event: 2826.217 Thread 0x0000012c0ecd0ce0 Exception <a 'sun/nio/fs/WindowsException'{0x000000009ee22f38}> (0x000000009ee22f38) 
thrown [s\src\hotspot\share\prims\jni.cpp, line 517]
Event: 2826.223 Thread 0x0000012c0eea6630 Exception <a 'sun/nio/fs/WindowsException'{0x000000009ed71c48}> (0x000000009ed71c48) 
thrown [s\src\hotspot\share\prims\jni.cpp, line 517]
Event: 2826.231 Thread 0x0000012c0ecd0ce0 Exception <a 'sun/nio/fs/WindowsException'{0x000000009e6fb428}> (0x000000009e6fb428) 
thrown [s\src\hotspot\share\prims\jni.cpp, line 517]
Event: 2826.341 Thread 0x0000012c0eea6630 Exception <a 'sun/nio/fs/WindowsException'{0x000000009b1890f0}> (0x000000009b1890f0) 
thrown [s\src\hotspot\share\prims\jni.cpp, line 517]
Event: 2826.366 Thread 0x0000012c0eea6630 Exception <a 'sun/nio/fs/WindowsException'{0x000000009ac08838}> (0x000000009ac08838) 
thrown [s\src\hotspot\share\prims\jni.cpp, line 517]
Event: 2826.383 Thread 0x0000012c0ecd0ce0 Exception <a 'sun/nio/fs/WindowsException'{0x000000009a50aa10}> (0x000000009a50aa10) 
thrown [s\src\hotspot\share\prims\jni.cpp, line 517]
Event: 2826.402 Thread 0x0000012c0eea6630 Exception <a 'sun/nio/fs/WindowsException'{0x00000000998092c0}> (0x00000000998092c0) 
thrown [s\src\hotspot\share\prims\jni.cpp, line 517]

VM Operations (20 events):
Event: 2824.621 Executing VM operation: G1CollectForAllocation done
Event: 2824.643 Executing VM operation: G1CollectForAllocation
Event: 2824.656 Executing VM operation: G1CollectForAllocation done
Event: 2825.116 Executing VM operation: G1CollectForAllocation
Event: 2825.135 Executing VM operation: G1CollectForAllocation done
Event: 2825.290 Executing VM operation: G1Concurrent
Event: 2825.313 Executing VM operation: G1Concurrent done
Event: 2825.390 Executing VM operation: G1Concurrent
Event: 2825.393 Executing VM operation: G1Concurrent done
Event: 2825.587 Executing VM operation: HandshakeAllThreads
Event: 2825.597 Executing VM operation: HandshakeAllThreads done
Event: 2825.597 Executing VM operation: HandshakeAllThreads
Event: 2825.601 Executing VM operation: HandshakeAllThreads done
Event: 2825.771 Executing VM operation: G1CollectForAllocation
Event: 2825.778 Executing VM operation: G1CollectForAllocation done
Event: 2825.818 Executing VM operation: G1CollectForAllocation
Event: 2825.833 Executing VM operation: G1CollectForAllocation done
Event: 2826.091 Executing VM operation: HandshakeAllThreads
Event: 2826.106 Executing VM operation: HandshakeAllThreads done
Event: 2826.530 Executing VM operation: G1CollectForAllocation

Events (20 events):
Event: 2826.168 Thread 0x0000012c7f8ce2c0 flushing nmethod 0x0000012c6fd4f290
Event: 2826.168 Thread 0x0000012c7f8ce2c0 flushing nmethod 0x0000012c6fd73a90
Event: 2826.168 Thread 0x0000012c7f8ce2c0 flushing nmethod 0x0000012c6fd75f90
Event: 2826.169 Thread 0x0000012c7f8ce2c0 flushing nmethod 0x0000012c6fda1090
Event: 2826.169 Thread 0x0000012c7f8ce2c0 flushing nmethod 0x0000012c6fda3290
Event: 2826.169 Thread 0x0000012c7f8ce2c0 flushing nmethod 0x0000012c6fdb3790
Event: 2826.169 Thread 0x0000012c7f8ce2c0 flushing nmethod 0x0000012c6fdc0690
Event: 2826.169 Thread 0x0000012c7f8ce2c0 flushing nmethod 0x0000012c6fdc5090
Event: 2826.169 Thread 0x0000012c7f8ce2c0 flushing nmethod 0x0000012c6fdd0e90
Event: 2826.170 Thread 0x0000012c7f8ce2c0 flushing nmethod 0x0000012c6fe12810
Event: 2826.170 Thread 0x0000012c7f8ce2c0 flushing nmethod 0x0000012c6fe2e710
Event: 2826.170 Thread 0x0000012c7f8ce2c0 flushing nmethod 0x0000012c6fec8e10
Event: 2826.171 Thread 0x0000012c7f8ce2c0 flushing nmethod 0x0000012c6ff36110
Event: 2826.171 Thread 0x0000012c7f8ce2c0 flushing nmethod 0x0000012c6ff36690
Event: 2826.171 Thread 0x0000012c7f8ce2c0 flushing nmethod 0x0000012c6ff36a90
Event: 2826.171 Thread 0x0000012c7f8ce2c0 flushing nmethod 0x0000012c6ff37310
Event: 2826.171 Thread 0x0000012c7f8ce2c0 flushing nmethod 0x0000012c6ff37890
Event: 2826.171 Thread 0x0000012c7f8ce2c0 flushing nmethod 0x0000012c6ff44b90
Event: 2826.171 Thread 0x0000012c7f8ce2c0 flushing nmethod 0x0000012c6ff46910
Event: 2826.171 Thread 0x0000012c7f8ce2c0 flushing nmethod 0x0000012c6ff52790


Dynamic libraries:
0x00007ff629390000 - 0x00007ff62939a000 	C:\Android\studio\jbr\bin\java.exe
0x00007ffe02c80000 - 0x00007ffe02ee7000 	C:\WINDOWS\SYSTEM32\ntdll.dll
0x00007ffe01610000 - 0x00007ffe016d9000 	C:\WINDOWS\System32\KERNEL32.DLL
0x00007ffe00180000 - 0x00007ffe00570000 	C:\WINDOWS\System32\KERNELBASE.dll
0x00007ffe00610000 - 0x00007ffe0075b000 	C:\WINDOWS\System32\ucrtbase.dll
0x00007ffd79650000 - 0x00007ffd79667000 	C:\Android\studio\jbr\bin\jli.dll
0x00007ffe01720000 - 0x00007ffe018e5000 	C:\WINDOWS\System32\USER32.dll
0x00007ffde3f80000 - 0x00007ffde421a000 	C:\WINDOWS\WinSxS\amd64_microsoft.windows.common-controls_6595b64144ccf1df_6.0.26100.4768_none_3e0c112ce331287c\COMCTL32.dll
0x00007ffdffdb0000 - 0x00007ffdffdd7000 	C:\WINDOWS\System32\win32u.dll
0x00007ffe01170000 - 0x00007ffe01219000 	C:\WINDOWS\System32\msvcrt.dll
0x00007ffe022c0000 - 0x00007ffe022eb000 	C:\WINDOWS\System32\GDI32.dll
0x00007ffdbf3e0000 - 0x00007ffdbf3fb000 	C:\Android\studio\jbr\bin\VCRUNTIME140.dll
0x00007ffe008d0000 - 0x00007ffe00a08000 	C:\WINDOWS\System32\gdi32full.dll
0x00007ffe00820000 - 0x00007ffe008c3000 	C:\WINDOWS\System32\msvcp_win.dll
0x00007ffe01aa0000 - 0x00007ffe01acf000 	C:\WINDOWS\System32\IMM32.DLL
0x00007ffdfa600000 - 0x00007ffdfa60c000 	C:\Android\studio\jbr\bin\vcruntime140_1.dll
0x00007ffdbdef0000 - 0x00007ffdbdf7d000 	C:\Android\studio\jbr\bin\msvcp140.dll
0x00007ffd6fee0000 - 0x00007ffd70b4e000 	C:\Android\studio\jbr\bin\server\jvm.dll
0x00007ffe01970000 - 0x00007ffe01a24000 	C:\WINDOWS\System32\ADVAPI32.dll
0x00007ffe02560000 - 0x00007ffe02606000 	C:\WINDOWS\System32\sechost.dll
0x00007ffe021a0000 - 0x00007ffe022b8000 	C:\WINDOWS\System32\RPCRT4.dll
0x00007ffdfa520000 - 0x00007ffdfa52a000 	C:\WINDOWS\SYSTEM32\WSOCK32.dll
0x00007ffe018f0000 - 0x00007ffe01964000 	C:\WINDOWS\System32\WS2_32.dll
0x00007ffdf1d60000 - 0x00007ffdf1d6b000 	C:\WINDOWS\SYSTEM32\VERSION.dll
0x00007ffde4c40000 - 0x00007ffde4c75000 	C:\WINDOWS\SYSTEM32\WINMM.dll
0x00007ffdfeaf0000 - 0x00007ffdfeb0b000 	C:\WINDOWS\SYSTEM32\kernel.appcore.dll
0x00007ffdfa510000 - 0x00007ffdfa51a000 	C:\Android\studio\jbr\bin\jimage.dll
0x00007ffdfc770000 - 0x00007ffdfc9b1000 	C:\WINDOWS\SYSTEM32\DBGHELP.DLL
0x00007ffe01220000 - 0x00007ffe015a5000 	C:\WINDOWS\System32\combase.dll
0x00007ffe02470000 - 0x00007ffe02550000 	C:\WINDOWS\System32\OLEAUT32.dll
0x00007ffde0df0000 - 0x00007ffde0e33000 	C:\WINDOWS\SYSTEM32\dbgcore.DLL
0x00007ffdfff60000 - 0x00007ffdffff9000 	C:\WINDOWS\System32\bcryptPrimitives.dll
0x00007ffdc9830000 - 0x00007ffdc983e000 	C:\Android\studio\jbr\bin\instrument.dll
0x00007ffdf7930000 - 0x00007ffdf7955000 	C:\Android\studio\jbr\bin\java.dll
0x00007ffdfa3c0000 - 0x00007ffdfa3d8000 	C:\Android\studio\jbr\bin\zip.dll
0x00007ffe00a10000 - 0x00007ffe0115d000 	C:\WINDOWS\System32\SHELL32.dll
0x00007ffe00000000 - 0x00007ffe00173000 	C:\WINDOWS\System32\wintypes.dll
0x00007ffdfd950000 - 0x00007ffdfe1af000 	C:\WINDOWS\SYSTEM32\windows.storage.dll
0x00007ffe02b40000 - 0x00007ffe02c35000 	C:\WINDOWS\System32\SHCORE.dll
0x00007ffe01a30000 - 0x00007ffe01a9a000 	C:\WINDOWS\System32\shlwapi.dll
0x00007ffdffcd0000 - 0x00007ffdffcf9000 	C:\WINDOWS\SYSTEM32\profapi.dll
0x00007ffdf1710000 - 0x00007ffdf1729000 	C:\Android\studio\jbr\bin\net.dll
0x00007ffdf8680000 - 0x00007ffdf879e000 	C:\WINDOWS\SYSTEM32\WINHTTP.dll
0x00007ffdff060000 - 0x00007ffdff0cb000 	C:\WINDOWS\system32\mswsock.dll
0x00007ffdf16f0000 - 0x00007ffdf1706000 	C:\Android\studio\jbr\bin\nio.dll
0x00007ffdf7920000 - 0x00007ffdf7930000 	C:\Android\studio\jbr\bin\verify.dll
0x00007ffdbf400000 - 0x00007ffdbf427000 	C:\Users\dtsch\.gradle\native\68d5fa5c4cc2d200863cafc0d521ce42e7d3e7ee720ec0a83991735586a16f82\windows-amd64\native-platform.dll
0x00007ffd6f9c0000 - 0x00007ffd6fb04000 	C:\Users\dtsch\.gradle\native\e376f236ea51e6404a007f0833ffe2c6e607c4080706a723a18a27aeea778392\windows-amd64\native-platform-file-events.dll
0x00007ffdf16a0000 - 0x00007ffdf16a9000 	C:\Android\studio\jbr\bin\management.dll
0x00007ffdf1690000 - 0x00007ffdf169b000 	C:\Android\studio\jbr\bin\management_ext.dll
0x00007ffe01160000 - 0x00007ffe01168000 	C:\WINDOWS\System32\PSAPI.DLL
0x00007ffdff440000 - 0x00007ffdff45b000 	C:\WINDOWS\SYSTEM32\CRYPTSP.dll
0x00007ffdfea50000 - 0x00007ffdfea8b000 	C:\WINDOWS\system32\rsaenh.dll
0x00007ffdff100000 - 0x00007ffdff12b000 	C:\WINDOWS\SYSTEM32\USERENV.dll
0x00007ffdffca0000 - 0x00007ffdffcc6000 	C:\WINDOWS\SYSTEM32\bcrypt.dll
0x00007ffdff420000 - 0x00007ffdff42c000 	C:\WINDOWS\SYSTEM32\CRYPTBASE.dll
0x00007ffdfe530000 - 0x00007ffdfe563000 	C:\WINDOWS\SYSTEM32\IPHLPAPI.DLL
0x00007ffe01700000 - 0x00007ffe0170a000 	C:\WINDOWS\System32\NSI.dll
0x00007ffdf87e0000 - 0x00007ffdf87ff000 	C:\WINDOWS\SYSTEM32\dhcpcsvc6.DLL
0x00007ffdf87b0000 - 0x00007ffdf87d5000 	C:\WINDOWS\SYSTEM32\dhcpcsvc.DLL
0x00007ffdfe5d0000 - 0x00007ffdfe6f6000 	C:\WINDOWS\SYSTEM32\DNSAPI.dll
0x00007ffdc9dc0000 - 0x00007ffdc9dc8000 	C:\WINDOWS\system32\wshunix.dll
0x00007ffdfec20000 - 0x00007ffdfec56000 	C:\WINDOWS\SYSTEM32\ntmarta.dll
0x00007ffdf8590000 - 0x00007ffdf859b000 	C:\Windows\System32\rasadhlp.dll
0x00007ffdf8910000 - 0x00007ffdf8996000 	C:\WINDOWS\System32\fwpuclnt.dll
0x00007ffdfc580000 - 0x00007ffdfc61e000 	C:\WINDOWS\system32\apphelp.dll

dbghelp: loaded successfully - version: 4.0.5 - missing functions: none
symbol engine: initialized successfully - sym options: 0x614 - pdb path: .;C:\Android\studio\jbr\bin;C:\WINDOWS\SYSTEM32;C:\WINDOWS\WinSxS\amd64_microsoft.windows.common-controls_6595b64144ccf1df_6.0.26100.4768_none_3e0c112ce331287c;C:\Android\studio\jbr\bin\server;C:\Users\dtsch\.gradle\native\68d5fa5c4cc2d200863cafc0d521ce42e7d3e7ee720ec0a83991735586a16f82\windows-amd64;C:\Users\dtsch\.gradle\native\e376f236ea51e6404a007f0833ffe2c6e607c4080706a723a18a27aeea778392\windows-amd64

VM Arguments:
jvm_args: --add-opens=java.base/java.util=ALL-UNNAMED --add-opens=java.base/java.lang=ALL-UNNAMED --add-opens=java.base/java.lang.invoke=ALL-UNNAMED --add-opens=java.prefs/java.util.prefs=ALL-UNNAMED --add-opens=java.base/java.nio.charset=ALL-UNNAMED --add-opens=java.base/java.net=ALL-UNNAMED --add-opens=java.base/java.util.concurrent.atomic=ALL-UNNAMED -Xmx2048m -Dfile.encoding=UTF-8 -Duser.country=FR -Duser.language=fr -Duser.variant -javaagent:C:\Users\dtsch\.gradle\wrapper\dists\gradle-8.2-bin\bbg7u40eoinfdyxsxr3z4i7ta\gradle-8.2\lib\agents\gradle-instrumentation-agent-8.2.jar 
java_command: org.gradle.launcher.daemon.bootstrap.GradleDaemon 8.2
java_class_path (initial): C:\Users\dtsch\.gradle\wrapper\dists\gradle-8.2-bin\bbg7u40eoinfdyxsxr3z4i7ta\gradle-8.2\lib\gradle-launcher-8.2.jar
Launcher Type: SUN_STANDARD

[Global flags]
     intx CICompilerCount                          = 4                                         {product} {ergonomic}
     uint ConcGCThreads                            = 2                                         {product} {ergonomic}
     uint G1ConcRefinementThreads                  = 8                                         {product} {ergonomic}
   size_t G1HeapRegionSize                         = 1048576                                   {product} {ergonomic}
    uintx GCDrainStackTargetSize                   = 64                                        {product} {ergonomic}
   size_t InitialHeapSize                          = 266338304                                 {product} {ergonomic}
   size_t MarkStackSize                            = 4194304                                   {product} {ergonomic}
   size_t MaxHeapSize                              = 2147483648                                {product} {command line}
   size_t MaxNewSize                               = 1287651328                                {product} {ergonomic}
   size_t MinHeapDeltaBytes                        = 1048576                                   {product} {ergonomic}
   size_t MinHeapSize                              = 8388608                                   {product} {ergonomic}
    uintx NonNMethodCodeHeapSize                   = 5839372                                {pd product} {ergonomic}
    uintx NonProfiledCodeHeapSize                  = 122909434                              {pd product} {ergonomic}
    uintx ProfiledCodeHeapSize                     = 122909434                              {pd product} {ergonomic}
    uintx ReservedCodeCacheSize                    = 251658240                              {pd product} {ergonomic}
     bool SegmentedCodeCache                       = true                                      {product} {ergonomic}
   size_t SoftMaxHeapSize                          = 2147483648                             {manageable} {ergonomic}
     bool UseCompressedClassPointers               = true                           {product lp64_product} {ergonomic}
     bool UseCompressedOops                        = true                           {product lp64_product} {ergonomic}
     bool UseG1GC                                  = true                                      {product} {ergonomic}
     bool UseLargePagesIndividualAllocation        = false                                  {pd product} {ergonomic}

Logging:
Log output configuration:
 #0: stdout all=warning uptime,level,tags
 #1: stderr all=off uptime,level,tags

Environment Variables:
PATH=C:\Program Files (x86)\VMware\VMware Workstation\bin\;C:\Windows\System32\HWAudioDriverLibs;C:\Program Files\Common Files\Oracle\Java\javapath;C:\WINDOWS\system32;C:\WINDOWS;C:\WINDOWS\System32\Wbem;C:\WINDOWS\System32\WindowsPowerShell\v1.0\;C:\WINDOWS\System32\OpenSSH\;C:\Program Files\Microsoft SQL Server\110\Tools\Binn\;C:\WINDOWS\system32\config\systemprofile\AppData\Local\Microsoft\WindowsApps;C:\Program Files (x86)\Paragon Software\LinuxFS for Windows\;C:\WINDOWS\system32;C:\WINDOWS;C:\WINDOWS\System32\Wbem;C:\WINDOWS\System32\WindowsPowerShell\v1.0\;C:\Program Files\dotnet\;C:\MinGW\bin;C:\WINDOWS\System32\OpenSSH\;C:\Program Files\Microsoft VS Code\bin;C:\Users\dtsch\.platformio\penv\Scripts\;C:\Program Files\Git\cmd;C:\Program Files\Tailscale\???	??z;C:\Program Files\Tailscale\;C:\Program Files\PowerShell\7\;C:\Users\dtsch\AppData\Local\Microsoft\WindowsApps;C:\Users\dtsch\.platformio\penv\Scripts\;C:\Program Files\JetBrains\PyCharm Community Edition 2021.2.3\bin;;C:\Program Files\JetBrains\IntelliJ IDEA Community Edition 2021.2.3\bin;;C:\msys64\mingw64\bin;;C:\Program Files\JetBrains\CLion 2025.1.1\bin;
USERNAME=dtsch
OS=Windows_NT
PROCESSOR_IDENTIFIER=Intel64 Family 6 Model 140 Stepping 1, GenuineIntel
TMP=C:\Users\dtsch\AppData\Local\Temp
TEMP=C:\Users\dtsch\AppData\Local\Temp


JNI global refs:
JNI global refs: 30, weak refs: 154

JNI global refs memory usage: 843, weak refs: 2105


---------------  S Y S T E M  ---------------

OS:
 Windows 11 , 64 bit Build 26100 (10.0.26100.4768)
OS uptime: 0 days 11:41 hours
Hyper-V role detected

CPU: total 8 (initial active 8) (4 cores per cpu, 2 threads per core) family 6 model 140 stepping 1 microcode 0x9a, cx8, cmov, fxsr, ht, mmx, 3dnowpref, sse, sse2, sse3, ssse3, sse4.1, sse4.2, popcnt, lzcnt, tsc, tscinvbit, avx, avx2, aes, erms, clmul, bmi1, bmi2, adx, avx512f, avx512dq, avx512cd, avx512bw, avx512vl, sha, fma, vzeroupper, avx512_vpopcntdq, avx512_vpclmulqdq, avx512_vaes, avx512_vnni, clflush, clflushopt, clwb, avx512_vbmi2, avx512_vbmi, hv

Memory: 4k page, system-wide physical 16167M (972M free)
TotalPageFile size 20263M (AvailPageFile size 387M)
current process WorkingSet (physical memory assigned to process): 1002M, peak: 1119M
current process commit charge ("private bytes"): 1277M, peak: 1853M

vm_info: OpenJDK 64-Bit Server VM (17.0.6+0-b2043.56-10027231) for windows-amd64 JRE (17.0.6+0-b2043.56-10027231), built on Apr 28 2023 00:43:19 by "androidbuild" with MS VC++ 16.10 / 16.11 (VS2019)

END.
